time,open,high,low,close,HTF2 SHA (Open),HTF2 SHA (High,HTF2 SHA (Low),HTF2 SHA (Close),HTF1 SHA (Open),HTF1 SHA (High,HTF1 SHA (Low),HTF1 SHA (Close),Base SHA (Open),Base SHA (High,Base SHA (Low),Base SHA (Close),Entry Long,Entry Short,Exit,Active Stop,Base Dir,HTF1 Dir,HTF2 Dir,Alignment,Position,Volume
2017-10-01,5420.745,6498.01,4110,5362.375,4566.078873504049,5262.0273674121545,4566.078873504049,5262.0273674121545,5737.916519931887,5819.9835842703305,5737.916519931887,5819.9835842703305,,,,,,,,,-1,1,1,0,0,41626.388463
2017-11-01,5391.5599999999995,11300.03,5325.01,8231.75,6110.0804640604365,7098.015235672958,6110.0804640604365,7098.015235672958,8308.91092304773,8722.713425822905,8308.91092304773,8722.713425822905,,,,,,,,,-1,1,1,0,0,108487.978119
2017-12-01,6811.655,19798.68,6811.655,13183.01,12169.853181908202,14162.486087766623,12169.853181908202,14162.486087766623,14862.40901017192,14862.40901017192,14507.267707096298,14507.267707096298,,,,,,,,,-1,-1,1,0,0,408432.578917
2018-01-01,9997.3325,17176.24,9035,12552.9975,13832.395944906302,13832.395944906302,12756.041258687748,12756.041258687748,11452.954092664491,11452.954092664491,11300.216483052125,11300.216483052125,,,,,,,,,-1,-1,-1,0,0,816675.564467
2018-02-01,11275.165,11786.01,6000.01,9599.470000000001,10681.62720249987,10681.62720249987,9971.374688975517,9971.374688975517,10100.44503720607,10137.554914807539,10100.44503720607,10137.554914807539,,,,,,,,,-1,1,-1,0,0,1243938.327695
2018-03-01,10437.317500000001,11710,6600.1,8889.912499999999,9942.8583067645,9942.8583067645,9284.472032590587,9284.472032590587,8341.939877641462,8341.939877641462,8055.8867607389,8055.8867607389,,,,,,,,,-1,-1,-1,0,0,1235148.956367
2018-04-01,9663.615,9759.82,6430,8089.4575,8063.3633301412765,8314.008939113755,8063.3633301412765,8314.008939113755,8781.521421613337,8949.56643921474,8781.521421613337,8949.56643921474,,,,,,,,,-1,1,1,0,0,1110963.167755
2018-05-01,8876.536250000001,10020,7032.95,8445.9925,8735.465378994568,8735.465378994568,8505.717511231393,8505.717511231393,7764.675316353529,7764.675316353529,7616.300243800731,7616.300243800731,,,,,,,,,-1,-1,-1,0,0,914473.537546
2018-06-01,8661.264375,8661.264375,5750,6852.9425,7733.084765602148,7733.084765602148,6959.624175372813,6959.624175372813,6327.074619904414,6327.074619904414,6245.140792908117,6245.140792908117,,,,,,,,,-1,-1,-1,0,0,942242.544953
2018-07-01,7757.1034375,8491.77,6070,7170.945,6645.409980077093,7025.912328716554,6645.409980077093,7025.912328716554,7740.807425934245,7879.178718382292,7740.807425934245,7879.178718382292,,,,,,,,,-1,1,1,0,0,1102510.436786
2018-08-01,7464.02421875,7750,5880,7094.219999999999,6976.85146257416,6976.85146257416,6709.303687719575,6709.303687719575,6639.842252093024,6742.741106679972,6639.842252093024,6742.741106679972,8815.776863172969,8815.776863172969,8707.173693435376,8707.173693435376,,,,,-1,1,-1,0,0,1408159.816556
2018-09-01,7279.122109374999,7410,6111,6789.695,6663.679079442057,6663.679079442057,6578.6504267422915,6578.6504267422915,6549.177983080534,6565.325072403649,6549.177983080534,6565.325072403649,8619.940992701115,8619.940992701115,8395.777991020692,8395.777991020692,,,,,-1,1,-1,0,0,1100573.782678
2018-10-01,7034.408554687499,7680,6205,6720.875,6612.631409440699,6628.688573734335,6612.631409440699,6628.688573734335,6547.491841034354,6547.491841034354,6504.748187842186,6504.748187842186,8397.777269725193,8397.777269725193,8118.397143018389,8118.397143018389,,,,,-1,-1,1,0,0,629916.320853
2018-11-01,6877.64177734375,6877.64177734375,3652.66,5169.6625,6438.96128270106,6438.96128270106,5817.9111448394915,5817.9111448394915,4574.559676958452,4574.559676958452,4384.644964229862,4384.644964229862,8172.467700266238,8172.467700266238,7769.042024675402,7769.042024675402,,,,,-1,-1,-1,-1,0,1210365.449617
2018-12-01,6023.652138671875,6023.652138671875,3156.26,3803.355,4332.28924339223,4332.28924339223,3864.114466255097,3864.114466255097,3768.961003945797,3768.961003945797,3767.470724439952,3767.470724439952,7904.161913277612,7904.161913277612,7337.804106751833,7337.804106751833,,6023.652138671875,,11712,-1,-1,-1,-1,-1,1591229.147171
2019-01-01,4913.503569335938,4913.503569335938,3349.92,3638.7625000000003,3810.2324392870164,3810.2324392870164,3656.5626166769794,3656.5626166769794,3549.658796803345,3549.658796803345,3520.328202802855,3520.328202802855,7569.188493975561,7569.188493975561,6857.992483091158,6857.992483091158,,,,11712,-1,-1,-1,-1,-1,908244.14054
2019-02-01,4276.133034667969,4276.133034667969,3373.1,3704.7225000000003,3596.501416132721,3683.975542454536,3596.501416132721,3683.975542454536,3845.3154315799807,3849.75291205524,3845.3154315799807,3849.75291205524,7173.305864947345,7173.305864947345,6371.816361759983,6371.816361759983,,,,11712,-1,1,1,0,-1,861783.986727
2019-03-01,3990.427767333985,4140,3670.69,3932.2250000000004,3833.6653715793755,3942.6717021391773,3833.6653715793755,3942.6717021391773,3984.6035637988102,4007.674922353875,3984.6035637988102,4007.674922353875,6741.228628342319,6741.228628342319,5928.180334478636,5928.180334478636,,,,11712,-1,1,1,0,-1,787190.48925
2019-04-01,3961.3263836669926,5600,3961.3263836669926,4772.5625,4501.354918540499,4976.384233952392,4501.354918540499,4976.384233952392,5290.621843120998,5295.09122886973,5290.621843120998,5295.09122886973,6310.334770846099,6310.334770846099,5600.761164623328,5600.761164623328,,,,11712,-1,1,1,0,-1,1126961.315101
2019-05-01,4366.944441833496,9074.26,4366.944441833496,7066.85,5795.34849798867,6942.2663155487935,5795.34849798867,6942.2663155487935,8056.4252632486605,8220.246549155696,8056.4252632486605,8220.246549155696,5936.593748406863,5936.593748406863,5502.897868139155,5502.897868139155,,,,11712,-1,1,1,0,-1,1498409.89023
2019-06-01,5716.897220916748,13970,5716.897220916748,10205.92,8253.12237169728,9795.102261675838,8253.12237169728,9795.102261675838,10655.897142977072,11098.989457110298,10655.897142977072,11098.989457110298,5705.003637684681,5759.40884020825,5705.003637684681,5759.40884020825,,,10205.92,,1,1,1,1,0,1689489.647326
2019-07-01,7961.408610458374,13147.08,7961.408610458374,10785.4275,10456.050997079034,10456.050997079034,10395.163605519205,10395.163605519205,10025.825129703337,10025.825129703337,9881.222829320273,9881.222829320273,5720.740106266654,6252.840390731244,5720.740106266654,6252.840390731244,7961.408610458374,,,3154.26,1,-1,-1,0,1,1886176.065915
2019-08-01,9373.418055229187,12330.7,9320,10329.675000000001,10605.725005938464,10610.135463900766,10605.725005938464,10610.135463900766,10225.991299493551,10225.991299493551,10066.060583898465,10066.060583898465,5977.8721453035405,6846.273591915402,5977.8721453035405,6846.273591915402,,,,3154.26,1,-1,1,0,1,1201960.943398
2019-09-01,9851.546527614595,10905.87,7710,9123.4875,10246.691156128038,10246.691156128038,9757.2091552444,9757.2091552444,9256.2720936163,9256.2720936163,8875.398725000401,8875.398725000401,6405.1365661241525,7350.00485602252,6405.1365661241525,7350.00485602252,,,,3154.26,1,-1,-1,0,1,1116856.475836
2019-10-01,9487.517013807297,10370,7300,8775.205,8860.629709048297,8860.629709048297,8564.720158250933,8564.720158250933,8501.867515499509,8748.622926264741,8501.867515499509,8748.622926264741,6872.175809140311,7730.250614599557,6872.175809140311,7730.250614599557,,,,3154.26,1,1,-1,0,1,1446755.854716
2019-11-01,9131.361006903648,9513.68,6515,8177.8575,8885.027342322255,8885.027342322255,8526.405949500522,8526.405949500522,7603.100220873073,7603.100220873073,7519.486163446487,7519.486163446487,7297.017177033136,7961.407436346739,7297.017177033136,7961.407436346739,,,,3154.26,1,-1,-1,0,1,1499118.774995
2019-12-01,8654.609253451825,8654.609253451825,6435,7230.215,7580.695018913808,7580.695018913808,7335.497157504101,7335.497157504101,7245.8485412330265,7264.262999395919,7245.8485412330265,7264.262999395919,7625.948724039095,8049.920703418017,7625.948724039095,8049.920703418017,,,,3154.26,1,1,-1,0,1,1307026.46794
2020-01-01,7942.4121267259125,9578,6871.04,8249.2925,7632.326608539869,8115.497886191636,7632.326608539869,8115.497886191636,8675.603804878938,8834.615308061419,8675.603804878938,8834.615308061419,7835.39637166679,8101.028268341366,7835.39637166679,8101.028268341366,,,,3154.26,1,1,1,1,1,1691323.137782
2020-02-01,8095.852313362956,10500,8095.852313362956,9205.08,8905.786349241715,9553.394995955674,8905.786349241715,9553.394995955674,9593.267819267761,9593.267819267761,9378.872036062763,9378.872036062763,7966.238053956038,8202.493388713605,7966.238053956038,8202.493388713605,,,,3154.26,1,-1,1,0,1,1609726.154564
2020-03-01,8650.466156681478,9188,3782.13,6976.045,7996.190866529159,7996.190866529159,6747.552460556179,6747.552460556179,6288.965055714533,6304.224103284228,6288.965055714533,6304.224103284228,8082.830181075235,8156.214169372362,8082.830181075235,8156.214169372362,,,,3154.26,1,1,-1,0,1,3789768.911749
2020-04-01,7813.255578340739,9460,6150.11,7660.5625,6778.293224785332,6940.45775869229,6778.293224785332,6940.45775869229,7334.601568259945,7575.421396990719,7334.601568259945,7575.421396990719,8118.327866133009,8118.327866133009,8100.374342587589,8100.374342587589,,,7660.5625,,-1,1,1,0,0,2528356.357416
2020-05-01,7736.909039170369,10067,7736.909039170369,9063.067500000001,8431.65502391755,9004.901060458316,8431.65502391755,9004.901060458316,9190.619211261941,9244.10794051184,9190.619211261941,9244.10794051184,8108.422197289685,8123.257716932259,8108.422197289685,8123.257716932259,,,,,1,1,1,1,0,2685340.078508
2020-06-01,8399.988269585185,10380,8399.988269585185,9449.955,9290.093052386836,9346.673361918703,9290.093052386836,9346.673361918703,9327.317789947874,9327.317789947874,9261.26355317534,9261.26355317534,8115.117473833828,8225.867750991802,8115.117473833828,8225.867750991802,8399.988269585185,,,3780.13,1,-1,1,0,1,1504745.375051
2020-07-01,8924.971634792593,11444,8893.03,10202.6425,9243.474780681468,9350.922072729216,9243.474780681468,9350.922072729216,9849.510668689654,10198.072745045127,9849.510668689654,10198.072745045127,8169.930680975035,8419.556280904597,8169.930680975035,8419.556280904597,,,,3780.13,1,1,1,1,1,1507827.21494
2020-08-01,9563.807067396297,12468,9563.807067396297,11492.8675,10834.048864797674,11425.686516104628,10834.048864797674,11425.686516104628,11579.29712865592,11579.29712865592,11555.437200307511,11555.437200307511,8294.306423154876,8719.061072889996,8294.306423154876,8719.061072889996,,,,3780.13,1,-1,1,0,1,1891193.007128
2020-09-01,10528.337283698149,12050.85,9825,11075.4875,10969.45410563448,10969.45410563448,10726.785313527314,10726.785313527314,10664.233602572067,10685.065601292075,10664.233602572067,10685.065601292075,8506.343814189704,9050.017320086252,8506.343814189704,9050.017320086252,,,,3780.13,1,1,-1,0,1,1730389.160179
2020-10-01,10801.912391849073,14100,10374,12260.3975,10889.533118447347,11460.50016876787,10889.533118447347,11460.50016876787,12732.327093376965,12989.460699157731,12732.327093376965,12989.460699157731,8777.916174156964,9456.38002681126,8777.916174156964,9456.38002681126,,,,3780.13,1,1,1,1,1,1592619.954492
2020-11-01,11531.154945924536,19863.16,11531.154945924536,16636.27,14102.272729106457,16246.530758316443,14102.272729106457,16246.530758316443,17841.662364735355,17907.90294331088,17841.662364735355,17907.90294331088,9116.94246149888,10129.0430629408,9116.94246149888,10129.0430629408,,,,9449.955,1,1,1,1,1,2707064.911165
2020-12-01,14083.712472962268,29300,14083.712472962268,23872.9575,18118.000622848747,21171.691676391656,18118.000622848747,21171.691676391656,24250.225740270598,25303.603558224455,24250.225740270598,25303.603558224455,9622.832820786882,11350.157150782616,9622.832820786882,11350.157150782616,,,,9449.955,1,1,1,1,1,2494426.747399
2021-01-01,18978.334986481135,41950,18978.334986481135,33024.152500000004,30427.146459293876,33240.79278337031,30427.146459293876,33240.79278337031,33196.20153981486,33196.20153981486,33147.17398430014,33147.17398430014,10486.370586892446,13420.681366660614,10486.370586892446,13420.681366660614,,,,9561.807067396297,1,-1,1,0,1,3438840.151675
2021-02-01,26001.24374324057,58352.8,26001.24374324057,42219.39750000001,38701.51924635397,45852.80596176935,38701.51924635397,45852.80596176935,50563.77241892833,50563.77241892833,49644.288201376425,49644.288201376425,11953.429222082517,16584.525101177875,11953.429222082517,16584.525101177875,,,,9823,1,-1,1,0,1,2518231.02043
2021-03-01,34110.32062162029,61844,34110.32062162029,52667.2975,50259.104943457816,54026.445078156416,50259.104943457816,54026.445078156416,55370.70804387108,55731.75689771885,55370.70804387108,55731.75689771885,14268.901907979296,20647.515251475463,14268.901907979296,20647.515251475463,,,,10372,1,1,1,1,1,2098808.027432
2021-04-01,43388.80906081015,64854,43388.80906081015,57054.432499999995,56286.790197537586,56286.790197537586,55794.11370065228,55794.11370065228,53843.305366402885,53843.305366402885,53666.1554201863,53666.1554201863,17458.150049110012,25345.710424185858,17458.150049110012,25345.710424185858,,,,11529.154945924536,1,-1,-1,0,1,1987195.466856
2021-05-01,50221.62078040507,59500,30000,46112.765,52135.45469399954,52135.45469399954,45128.3457204454,45128.3457204454,38947.04376800112,38947.04376800112,37921.218817439534,37921.218817439534,21401.884712834428,29414.902484420967,21401.884712834428,29414.902484420967,,,,14081.712472962268,1,-1,-1,0,1,3536245.256573
2021-06-01,48167.19289020254,48167.19289020254,28805,35608.455,39955.00298649626,39955.00298649626,36222.7330454017,36222.7330454017,34217.79837332412,34217.79837332412,34144.08601472971,34144.08601472971,25408.358191217194,32271.375020146712,25408.358191217194,32271.375020146712,,,,18976.334986481135,1,-1,-1,0,1,2901775.305923
2021-07-01,41887.82394510127,42448,29278,37058.207500000004,34941.59110871444,34941.59110871444,33464.83590010526,33464.83590010526,34964.758418297824,36608.05132399008,34964.758418297824,36608.05132399008,28839.839066584893,34084.09623380793,28839.839066584893,34084.09623380793,,,,25999.24374324057,1,1,-1,0,1,1778463.264837
2021-08-01,39473.01572255064,50500,37332.7,44098.8575,40254.079049241736,44949.52201048987,40254.079049241736,44949.52201048987,47926.53232672219,48031.57940277961,47926.53232672219,48031.57940277961,31461.946230898702,35709.3258732347,31461.946230898702,35709.3258732347,,,,28803,1,1,1,1,1,1635402.874245
2021-09-01,41785.93661127532,52920,39600,45861.247500000005,46752.08330978365,46752.08330978365,46097.088182363485,46097.088182363485,43820.11401024646,43820.11401024646,43242.82224664769,43242.82224664769,33585.61939261293,37297.31927426356,33585.61939261293,37297.31927426356,,,,28803,1,-1,-1,0,1,1527799.510768
2021-10-01,43823.592055637666,67000,43283.03,53850.71000000001,51799.14842227946,57606.266142892,51799.14842227946,57606.266142892,61115.77949950742,61121.58741651393,61115.77949950742,61121.58741651393,35441.456376085305,39344.33963826777,35441.456376085305,39344.33963826777,,,,28803,1,1,1,1,1,1565546.665203
2021-11-01,48837.151027818836,69000,48837.151027818836,60126.7525,60640.1977891305,60640.1977891305,60490.46841895814,60490.46841895814,57916.78619120778,57916.78619120778,57370.82344917351,57370.82344917351,37392.88792923537,41842.364608193435,37392.88792923537,41842.364608193435,,,,28803,1,-1,-1,0,1,1291900.100378
2021-12-01,54481.95176390942,59053.55,42000.3,51055.335,54371.6469690769,54371.6469690769,50490.153977625916,50490.153977625916,49182.439608225926,49182.439608225926,48894.29173906512,48894.29173906512,39617.61843031571,43879.70244596176,39617.61843031571,43879.70244596176,,,,29276,1,-1,-1,0,1,1233731.331848
2022-01-01,52768.64338195471,52768.64338195471,32917.17,41397.75,45494.82725068425,45494.82725068425,40787.57205561509,40787.57205561509,38052.935189462216,38052.935189462216,37781.16275984451,37781.16275984451,41748.65434160642,44926.757814255034,41748.65434160642,44926.757814255034,,,,32915.17,1,-1,-1,0,1,1279407.465721
2022-02-01,47083.196690977355,47083.196690977355,34322.28,40442.545,41074.64253074978,41074.64253074978,39938.69445888881,39938.69445888881,39477.29992692164,39477.29992692164,39225.9883750572,39225.9883750572,43337.701336183374,45175.921144457105,43337.701336183374,45175.921144457105,,,,32915.17,1,-1,-1,0,1,1253510.68956
2022-03-01,43762.87084548868,48189.84,37155,43503.795,39927.067574515655,40971.96818942056,39927.067574515655,40971.96818942056,43586.92330328094,44643.55641985123,43586.92330328094,44643.55641985123,44256.80755229452,45112.37117116608,44256.80755229452,45112.37117116608,,,,32915.17,1,1,1,1,1,1501311.32177
2022-04-01,43633.33292274434,47444.11,37578.2,42040.865,42827.20030751486,42827.20030751486,42109.178950798996,42109.178950798996,39965.12105934492,39965.12105934492,39625.90746530069,39625.90746530069,44684.58649326585,44865.98170003205,44684.58649326585,44865.98170003205,,,,32915.17,1,-1,-1,0,1,1267653.56265
2022-05-01,42837.09896137217,42837.09896137217,26700,34038.902500000004,36524.09767770395,36524.09767770395,32540.726825696747,32540.726825696747,29551.17212352963,29651.45954286325,29551.17212352963,29651.45954286325,44775.281865621044,44775.281865621044,44016.53713844986,44016.53713844986,,,34038.902500000004,,-1,1,-1,0,0,2387839.680804
2022-06-01,38438.000730686086,38438.000730686086,17622,25337.057500000003,29850.40448905229,29850.40448905229,25571.26929836047,25571.26929836047,21222.05593543198,21222.05593543198,20952.59094709136,20952.59094709136,44395.907766791526,44395.907766791526,42370.549907657565,42370.549907657565,,,,,-1,-1,-1,-1,0,2816058.473226
2022-07-01,31887.529115343044,31887.529115343044,18781,21671.1325,22044.25999251799,22044.25999251799,21938.02332574949,21938.02332574949,22373.15236676787,22702.47052136503,22373.15236676787,22702.47052136503,43383.22748759038,43383.22748759038,40152.31122440018,40152.31122440018,,31887.529115343044,,69002,-1,1,-1,0,-1,4983278.5881
2022-08-01,26779.330807671522,26779.330807671522,19520,22019.425,22791.64538336519,22791.64538336519,22400.100843381235,22400.100843381235,21341.45536167642,21341.45536167642,20906.69361690147,20906.69361690147,41767.76830627982,41767.76830627982,37661.3296548299,37661.3296548299,,,,69002,-1,-1,-1,-1,-1,5692462.41571
2022-09-01,24399.37790383576,24399.37790383576,18125.98,20099.0075,21230.148993573213,21230.148993573213,20351.824994613416,20351.824994613416,19285.592171925382,19285.592171925382,19274.797286767454,19274.797286767454,39714.548164109496,39714.548164109496,35085.05880432714,35085.05880432714,,,,69002,-1,-1,-1,-1,-1,9838930.5097
2022-10-01,22249.19270191788,22249.19270191788,18190,19797.0875,19557.498518892644,19591.511544102756,19557.498518892644,19591.511544102756,19812.41633947668,20076.735260676898,19812.41633947668,20076.735260676898,37399.80284920526,37399.80284920526,32597.13768934868,32597.13768934868,,,,69002,-1,1,1,0,-1,7499121.81542
2022-11-01,21023.14010095894,21480.65,15476,18652.7575,19163.445423109428,19163.445423109428,17779.76848347347,17779.76848347347,16513.85979217252,16513.85979217252,16489.27169772251,16489.27169772251,34998.469775377926,34998.469775377926,30241.52998777127,30241.52998777127,,,,69002,-1,-1,-1,-1,-1,9127693.509065
2022-12-01,19837.94880047947,19837.94880047947,16256.3,17088.045,17304.742214798953,17304.742214798953,16993.19291050983,16993.19291050983,16799.793744420276,16799.793744420276,16736.69349293329,16736.69349293329,32619.999497430897,32619.999497430897,28076.7824525879,28076.7824525879,,,,69002,-1,-1,-1,-1,-1,5803833.88187
2023-01-01,18462.996900239734,23960.54,16499.01,20031.6125,18054.432694119314,20281.066135470934,18054.432694119314,20281.066135470934,22436.45558630742,22720.554558443666,22436.45558630742,22720.554558443666,30348.390676230963,30348.390676230963,26325.389815944287,26325.389815944287,,,,69002,-1,1,1,0,-1,7977028.8715
2023-02-01,19247.304700119865,25250,19247.304700119865,23216.942500000005,21875.71170594426,23111.713846759838,21875.71170594426,23111.713846759838,23793.78847552242,23793.78847552242,23698.333748777695,23698.333748777695,28336.890013704397,28336.890013704397,25100.517532987546,25100.517532987546,,,,69002,-1,-1,1,0,-1,8642691.25729
2023-03-01,21232.123600059935,29184.68,19549.09,25085.175,23029.495990151605,24627.358168072966,23029.495990151605,24627.358168072966,27214.125149309926,27470.085808437772,27214.125149309926,27470.085808437772,26718.70359260346,26718.70359260346,24409.999322454616,24409.999322454616,,,,69002,-1,1,1,0,-1,9516189.35846
2023-04-01,23158.649300029967,31000,23158.649300029967,28910.347499999996,27593.948510246013,28484.261994068584,27593.948510246013,28484.261994068584,28554.094787713075,28683.39242361884,28554.094787713075,28683.39242361884,25564.351316951528,25564.351316951528,24278.59413110017,24278.59413110017,,,,69002,-1,1,1,0,-1,1626745.5585
2023-05-01,26034.49840001498,29820,25811.46,28018.752500000002,28013.998599573573,28013.998599573573,27478.52805950015,27478.52805950015,26982.305825996074,27129.242483917227,26982.305825996074,27129.242483917227,24921.472614687787,24921.472614687787,24496.612472370634,24496.612472370634,,,,69002,-1,1,-1,0,-1,1302000.49221
2023-06-01,27026.625450007494,31431.94,24800,28478.575,26993.732772233743,27282.652824213754,26993.732772233743,27282.652824213754,29222.769845464347,29696.74759451883,29222.769845464347,29696.74759451883,24709.042458488497,24903.925266308517,24709.042458488497,24903.925266308517,,,28478.575,,1,1,1,1,0,1387207.48275
2023-07-01,27752.60022500375,31804.2,27752.60022500375,30092.585,29542.133912233232,29860.46574789287,29542.133912233232,29860.46574789287,29639.1424951277,29639.1424951277,29513.663721054298,29513.663721054298,24806.48379625573,25489.255334252273,24806.48379625573,25489.255334252273,27752.60022500375,,,15474,1,-1,1,0,1,925773.81731
2023-08-01,28922.592612501874,30244,25166,27645.76,29222.40257618857,29222.40257618857,27987.478255832582,27987.478255832582,26517.32432315885,26539.26172234548,26517.32432315885,26539.26172234548,25147.86951380962,25985.105616525863,25147.86951380962,25985.105616525863,,,,15474,1,1,-1,0,1,1025866.55023
2023-09-01,28284.176306250934,28284.176306250934,24901,26321.975,26896.093169507352,26896.093169507352,26447.454553965574,26447.454553965574,26546.10794222656,26596.723447884026,26546.10794222656,26596.723447884026,25566.487525155444,26302.07808484017,25566.487525155444,26302.07808484017,,,,15474,1,1,-1,0,1,809329.04893
2023-10-01,27303.075653125466,35280,26538.66,30855.25,27388.052977012103,29221.477241169625,27388.052977012103,29221.477241169625,32108.943715786496,32937.831320784935,32108.943715786496,32937.831320784935,25934.282773877134,26778.191310359398,25934.282773877134,26778.191310359398,,,,15474,1,1,1,1,1,1141403.6799
2023-11-01,29079.162826562733,38450,29079.162826562733,36227.7825,32840.85761734673,35600.82548733274,32840.85761734673,35600.82548733274,37175.5460312725,37354.23860507048,37175.5460312725,37354.23860507048,26356.237017913296,27572.007324750324,26356.237017913296,27572.007324750324,,,,15474,1,1,1,1,1,1055690.59638
2023-12-01,32653.47266328137,44700,32653.47266328137,40580.8525,39802.89239370931,41771.977994272675,39802.89239370931,41771.977994272675,42942.53161910577,42942.53161910577,42801.19039093865,42801.19039093865,26964.122152505723,28838.005209856343,26964.122152505723,28838.005209856343,,,,15474,1,-1,1,0,1,1195409.976
2024-01-01,36617.16258164069,48969.48,36617.16258164069,43097.015,42693.048100075735,42693.048100075735,42172.21151627599,42172.21151627599,41381.108945373606,41695.24738373896,41381.108945373606,41695.24738373896,27901.06366653852,30538.77754121373,27901.06366653852,30538.77754121373,,,,15474,1,1,-1,0,1,1403408.84978
2024-02-01,39857.088790820344,64000,39857.088790820344,52398.815,44103.06234997652,47538.70903275439,44103.06234997652,47538.70903275439,51863.13947579591,53385.66503379262,51863.13947579591,53385.66503379262,29219.920592487506,32975.979793997976,29219.920592487506,32975.979793997976,,,,30092.585,1,1,1,1,1,1206112.69545
2024-03-01,46127.95189541017,73777,46127.95189541017,66298.25,59676.459266138976,65470.06184004975,59676.459266138976,65470.06184004975,67813.37226715304,68566.54877219046,67813.37226715304,68566.54877219046,31097.95018438492,36345.05717007125,31097.95018438492,36345.05717007125,,,,30092.585,1,1,1,1,1,1706807.381342
2024-04-01,56213.10094770508,72797.99,56213.10094770508,65985.39749999999,66042.2453466105,66042.2453466105,65519.072830151425,65519.072830151425,64525.60805298662,64525.60805298662,64109.62020483523,64109.62020483523,33721.50367033867,40269.056850352674,33721.50367033867,40269.056850352674,,,,30092.585,1,-1,-1,0,1,1201500.95852
2024-05-01,61099.24922385254,71979,56552.82,64185.96000000001,63857.90284516044,65052.73122989445,63857.90284516044,65052.73122989445,68142.19212350687,68265.93467877728,68142.19212350687,68265.93467877728,36995.28025498724,44161.163408316046,36995.28025498724,44161.163408316046,,,,32651.47266328137,1,1,1,1,1,945031.04072
2024-06-01,62642.604611926276,71997.02,58402,65177.76,67165.21610808234,67165.21610808234,65364.8571960952,65364.8571960952,63319.94310977984,63319.94310977984,62570.89608068891,62570.89608068891,40578.221827483976,47790.25160155811,40578.221827483976,47790.25160155811,,,,36615.16258164069,1,-1,-1,0,1,696818.18818
2024-07-01,63910.18230596314,70079.99,53485.93,62741.4825,62175.48363736917,63338.40868284504,62175.48363736917,63338.40868284504,66188.60493958414,66516.41201415981,66188.60493958414,66516.41201415981,44184.236711279525,50796.194500620644,44184.236711279525,50796.194500620644,,,,39855.088790820344,1,1,1,1,1,908004.33426
2024-08-01,63325.83240298157,65659.78,49000,59565.445,61324.547167295794,61324.547167295794,60442.56258051096,60442.56258051096,61172.51111997565,61172.51111997565,60804.25217635512,60804.25217635512,47490.21560342891,52962.66295130536,47490.21560342891,52962.66295130536,,,,46125.95189541017,1,-1,-1,0,1,1010291.47396
2024-09-01,61445.63870149078,66498,52550,60337.3975,59147.76378193842,60680.1436804283,59147.76378193842,60680.1436804283,63124.91450276755,63845.1957281528,63124.91450276755,63845.1957281528,50226.439275406214,54617.69010376422,50226.439275406214,54617.69010376422,,,,48998,1,1,1,1,1,734117.07575
2024-10-01,60891.518100745394,73620.12,58946,66546.4325,62430.90238048685,64934.35521866336,62430.90238048685,64934.35521866336,67726.42083783646,68593.70146711811,67726.42083783646,68593.70146711811,52422.064688060054,56312.998556815866,52422.064688060054,56312.998556815866,,,,48998,1,1,1,1,1,756010.86343
2024-11-01,63718.975300372695,99588.01,63718.975300372695,83280.7525,71062.10713220655,81032.455678865,71062.10713220655,81032.455678865,94145.92754798975,94829.59960725554,94145.92754798975,94829.59960725554,54367.53162125173,58994.24736542846,54367.53162125173,58994.24736542846,,,,48998,1,1,1,1,1,1343559.242196
2024-12-01,73499.86390018635,108353,73499.86390018635,97209.2475,94214.40992876237,97490.18334635728,94214.40992876237,97490.18334635728,97170.96661068723,97170.96661068723,96216.48797303501,96216.48797303501,56680.88949241747,62836.27427252898,56680.88949241747,62836.27427252898,,,,48998,1,-1,1,0,1,1019450.065773
2025-01-01,85354.55570009317,109588,85354.55570009317,98712.5625,96762.93321045423,99212.42457608729,96762.93321045423,99212.42457608729,102922.35293616094,103102.50780563509,102922.35293616094,103102.50780563509,59758.58188175563,67466.21075828857,59758.58188175563,67466.21075828857,,,,48998,1,1,1,1,1,864534.738322
2025-02-01,92033.55910004658,102783.71,78258.52,91955.43250000001,98655.95590260021,98655.95590260021,97370.73183850771,97370.73183850771,94707.98376835402,94707.98376835402,92360.81460838753,92360.81460838753,63612.396319463965,71741.65619757398,63612.396319463965,71741.65619757398,,,,52548,1,-1,-1,0,1,810850.1813
2025-03-01,91994.49580002329,95000,76606,84626.49,88741.79735074053,88741.79735074053,85557.65000021328,85557.65000021328,85386.40694924345,85386.40694924345,85043.5038698439,85043.5038698439,67677.02625808486,75098.20542501222,67677.02625808486,75098.20542501222,,,,58944,1,-1,-1,0,1,845293.64963
2025-04-01,88310.49290001165,95758.04,74508,86747.01,83666.01496084001,85321.6967371122,83666.01496084001,85321.6967371122,90466.88836080338,91920.58895032865,90466.88836080338,91920.58895032865,71387.6158412109,77663.05553559368,71387.6158412109,77663.05553559368,,,,63716.975300372695,1,1,1,1,1,793597.00179
2025-05-01,87528.75145000583,111980,87528.75145000583,101030.22,92766.32035412738,100430.30775997594,92766.32035412738,100430.30775997594,107508.61978255857,107508.61978255857,107310.81138164228,107310.81138164228,74525.33568813969,80580.33004847918,74525.33568813969,80580.33004847918,,,,73497.86390018635,1,-1,1,0,1,642216.546125
2025-06-01,94279.48572500292,110530.17,94279.48572500292,105117.1375,104146.35598505885,104469.91856614633,104146.35598505885,104469.91856614633,105247.85395152547,105921.49767549969,105247.85395152547,105921.49767549969,77552.8328681052,83761.3905712944,77552.8328681052,83761.3905712944,,,,74506,1,1,1,1,1,427546.46336
2025-07-01,99698.31161250145,123218,99698.31161250145,112807.195,109222.74311906927,114418.56947196595,109222.74311906927,114418.56947196595,117991.32104035272,117991.32104035272,117958.76330390364,117958.76330390364,80657.11171954095,87476.46894727096,80657.11171954095,87476.46894727096,,,,74506,1,-1,1,0,1,484315.651017
2025-08-01,106252.75330625073,124474,106252.75330625073,113958.63,116342.4864943676,116342.4864943676,114789.75765654202,114789.75765654202,113240.39559889933,113240.39559889933,112116.50878554945,112116.50878554945,84066.79033328239,91455.33354102485,84066.79033328239,91455.33354102485,,,,74506,1,-1,-1,0,1,471366.942936
2025-09-01,110105.69165312537,117900,107255,111862.5725,113581.67414412476,113581.67414412476,113331.62604404036,113331.62604404036,112872.09561521989,112872.09561521989,112382.8822495977,112382.8822495977,87761.06193705752,95118.84657342169,87761.06193705752,95118.84657342169,,,,74506,1,-1,-1,0,1,374551.99407
2025-10-01,110984.13207656267,126199.63,102000,112964.145,114247.91800065624,114247.91800065624,112672.2224651322,112672.2224651322,111293.41928415836,111326.40272474704,111293.41928415836,111326.40272474704,91439.95425516485,98421.20867260413,91439.95425516485,98421.20867260413,,,,87526.75145000583,1,1,-1,0,1,720301.126946
2025-11-01,111974.13853828135,111974.13853828135,80600,97954.505,104959.77190444665,104959.77190444665,96360.03862847314,96360.03862847314,89701.67671461997,89759.83164884933,89701.67671461997,89759.83164884933,94930.58146382634,100158.26537191473,94930.58146382634,100158.26537191473,,,,87526.75145000583,1,1,-1,0,1,784853.66178
2025-12-01,104964.32176914068,104964.32176914068,83822.76,89104.995,92232.36660804063,92232.36660804063,89318.4520702313,89318.4520702313,87988.98759353187,87992.49747880637,87988.98759353187,87992.49747880637,97544.42341782531,100573.8548771624,97544.42341782531,100573.8548771624,,,,87526.75145000583,1,1,-1,0,1,491084.34878
2026-01-01,97034.65838457033,97924.49,75719.9,85008.4225,90734.94379587093,91125.0159123139,90734.94379587093,91125.0159123139,89482.2447552568,89482.2447552568,88094.89376954302,88094.89376954302,99059.13914745869,99732.06445463178,99059.13914745869,99732.06445463178,,,85008.4225,,1,-1,1,0,0,491752.73296
2026-02-01,91021.54044228516,91021.54044228516,60000,71284.59,81980.73947138584,81980.73947138584,73987.7106962593,73987.7106962593,67223.22856605511,67223.22856605511,66900.14828923327,66900.14828923327,99395.60180101788,99395.60180101788,97436.99365891845,97436.99365891845,,,,,-1,-1,-1,-1,0,837890.46854
2026-03-01,81153.06522114258,81153.06522114258,65000,69064.435,70358.99576974094,70358.99576974094,69487.97479294073,69487.97479294073,69414.44885323821,69414.44885323821,68649.44619179395,68649.44619179395,98416.29772994689,98416.29772994689,94290.90708328804,94290.90708328804,,81153.06522114258,,126201.63,-1,-1,-1,-1,-1,705639.88404
2026-04-01,75108.75011057129,79485.66,65712.12,72457.21,69996.91869091017,72639.10748689907,69996.91869091017,72639.10748689907,76694.7011728466,76839.55613350093,76694.7011728466,76839.55613350093,96353.60240660091,96353.60240660091,90947.18027638094,90947.18027638094,,,,126201.63,-1,1,1,0,-1,473256.46982
2026-05-01,73782.98005528565,82850,72512.49,76345.865,77092.61664132611,77092.61664132611,76962.08525557305,76962.08525557305,76426.28079356777,76426.28079356777,75649.57021601572,75649.57021601572,93650.39134147805,93650.39134147805,88091.27696537456,88091.27696537456,,,,126201.63,-1,-1,-1,-1,-1,425331.03039
2026-06-01,75064.42252764283,75064.42252764283,58115.01,66126.52750000001,70474.7315019769,70474.7315019769,65553.71971754315,65553.71971754315,62160.365711086524,62160.365711086524,61343.14054403715,61343.14054403715,90870.83415341629,90870.83415341629,85025.30596898908,85025.30596898908,,,,126201.63,-1,-1,-1,-1,-1,632661.43583
2026-07-01,70595.47501382141,70595.47501382141,57800.19,62073.240000000005,,,,,,,,,,,,,,,,,,,,,,333027.37164