time,open,high,low,close,Volume
2006-01-02,1.18593,1.21783,1.18093,1.21493,
2006-01-09,1.21393,1.21613,1.20053,1.21323,
2006-01-16,1.21633,1.21703,1.20383,1.21373,
2006-01-23,1.21653,1.23223,1.20833,1.21013,
2006-01-30,1.21053,1.21883,1.19663,1.20223,
2006-02-06,1.20243,1.20443,1.18903,1.18983,
2006-02-13,1.18963,1.19513,1.18483,1.19333,
2006-02-20,1.19473,1.19743,1.18613,1.18723,
2006-02-27,1.18373,1.20493,1.18233,1.20383,
2006-03-06,1.20793,1.20903,1.18573,1.19153,
2006-03-13,1.19793,1.22043,1.19393,1.21863,
2006-03-20,1.21423,1.21623,1.19503,1.20333,
2006-03-27,1.20063,1.21753,1.19773,1.21143,
2006-04-03,1.21033,1.23313,1.20313,1.20913,
2006-04-10,1.21003,1.21663,1.20643,1.21083,
2006-04-17,1.21363,1.23923,1.21333,1.23403,
2006-04-24,1.23723,1.26403,1.23303,1.26313,
2006-05-01,1.26163,1.27613,1.25533,1.27303,
2006-05-08,1.27403,1.29563,1.26603,1.29193,
2006-05-15,1.29493,1.29493,1.26913,1.27743,
2006-05-22,1.27583,1.28893,1.26913,1.27263,
2006-05-29,1.27473,1.29383,1.27213,1.29203,
2006-06-05,1.29243,1.29783,1.25943,1.26403,
2006-06-12,1.26083,1.26693,1.25293,1.26413,
2006-06-19,1.26353,1.26783,1.24773,1.25073,
2006-06-26,1.25153,1.27913,1.25023,1.27893,
2006-07-03,1.27893,1.28613,1.27063,1.28083,
2006-07-10,1.28053,1.28103,1.26253,1.26483,
2006-07-17,1.26313,1.26963,1.24573,1.26893,
2006-07-24,1.26953,1.27693,1.25573,1.27573,
2006-07-31,1.27573,1.29083,1.27183,1.28763,
2006-08-07,1.28853,1.29123,1.27123,1.27243,
2006-08-14,1.27373,1.28843,1.26943,1.28263,
2006-08-21,1.28343,1.29383,1.27243,1.27523,
2006-08-28,1.27593,1.28763,1.27493,1.28373,
2006-09-04,1.28513,1.28723,1.26503,1.26743,
2006-09-11,1.26683,1.27523,1.26303,1.26603,
2006-09-18,1.26313,1.28293,1.26313,1.27883,
2006-09-25,1.27893,1.28163,1.26383,1.26733,
2006-10-02,1.26793,1.27643,1.25693,1.25953,
2006-10-09,1.25923,1.26113,1.24813,1.25093,
2006-10-16,1.24993,1.26423,1.24873,1.26133,
2006-10-23,1.26163,1.27493,1.25243,1.27383,
2006-10-30,1.27113,1.27963,1.26763,1.27143,
2006-11-06,1.27143,1.28973,1.26883,1.28393,
2006-11-13,1.28453,1.28753,1.27613,1.28273,
2006-11-20,1.28193,1.31063,1.27953,1.30943,
2006-11-27,1.31553,1.33463,1.30843,1.33363,
2006-12-04,1.33513,1.33633,1.31903,1.32003,
2006-12-11,1.31843,1.32903,1.30573,1.30793,
2006-12-18,1.30813,1.32443,1.30503,1.31373,
2006-12-25,1.31373,1.32023,1.30883,1.31993,
2007-01-01,1.31993,1.32943,1.29793,1.30063,
2007-01-08,1.30063,1.30513,1.28643,1.29173,
2007-01-15,1.29253,1.29993,1.28943,1.29643,
2007-01-22,1.29573,1.30433,1.28753,1.29153,
2007-01-29,1.29233,1.30633,1.28973,1.29613,
2007-02-05,1.29583,1.30413,1.29103,1.30043,
2007-02-12,1.30163,1.31703,1.29393,1.31403,
2007-02-19,1.31443,1.31893,1.30803,1.31663,
2007-02-26,1.31803,1.32573,1.31393,1.31903,
2007-03-05,1.31853,1.31943,1.30703,1.31163,
2007-03-12,1.31243,1.33373,1.31063,1.33173,
2007-03-19,1.33133,1.34103,1.32713,1.32823,
2007-03-26,1.32703,1.33983,1.32533,1.33543,
2007-04-02,1.33533,1.34393,1.33163,1.33753,
2007-04-09,1.33673,1.35513,1.33373,1.35293,
2007-04-16,1.35663,1.36363,1.35233,1.35853,
2007-04-23,1.35983,1.36803,1.35403,1.36483,
2007-04-30,1.36233,1.36763,1.35323,1.35893,
2007-05-07,1.35903,1.36263,1.34613,1.35233,
2007-05-14,1.35393,1.36083,1.34633,1.35063,
2007-05-21,1.35203,1.35203,1.34093,1.34423,
2007-05-28,1.34453,1.35173,1.33913,1.34473,
2007-06-04,1.34423,1.35513,1.33183,1.33693,
2007-06-11,1.33553,1.33863,1.32603,1.33843,
2007-06-18,1.33833,1.34693,1.33703,1.34683,
2007-06-25,1.34623,1.35403,1.34133,1.35403,
2007-07-02,1.35323,1.36573,1.35253,1.36273,
2007-07-09,1.36243,1.38113,1.35913,1.37803,
2007-07-16,1.37733,1.38413,1.37503,1.38233,
2007-07-23,1.38363,1.38493,1.36243,1.36303,
2007-07-30,1.36323,1.38183,1.36193,1.37703,
2007-08-06,1.38173,1.38363,1.36383,1.36903,
2007-08-13,1.36893,1.37073,1.33583,1.34723,
2007-08-20,1.34733,1.36853,1.34473,1.36733,
2007-08-27,1.36783,1.37163,1.35613,1.36273,
2007-09-03,1.36293,1.37963,1.35493,1.37673,
2007-09-10,1.37773,1.39263,1.37653,1.38713,
2007-09-17,1.38573,1.41173,1.38253,1.40863,
2007-09-24,1.40893,1.42773,1.40593,1.42663,
2007-10-01,1.42683,1.42743,1.40313,1.41333,
2007-10-08,1.41503,1.42393,1.40143,1.41763,
2007-10-15,1.41643,1.43173,1.41423,1.42983,
2007-10-22,1.43343,1.43933,1.41233,1.43923,
2007-10-29,1.44033,1.45273,1.43723,1.45023,
2007-11-05,1.45023,1.47503,1.44403,1.46763,
2007-11-12,1.46533,1.47223,1.45173,1.46593,
2007-11-19,1.46703,1.49663,1.46193,1.48353,
2007-11-26,1.48323,1.49073,1.46253,1.46303,
2007-12-03,1.46613,1.47693,1.45253,1.46553,
2007-12-10,1.47063,1.47473,1.44103,1.44293,
2007-12-17,1.44083,1.44493,1.43073,1.43743,
2007-12-24,1.43933,1.47263,1.43723,1.47223,
2007-12-31,1.45843,1.48233,1.45673,1.47413,
2008-01-07,1.46823,1.48183,1.46383,1.47743,
2008-01-14,1.48653,1.49203,1.45873,1.46183,
2008-01-21,1.44193,1.47783,1.43633,1.46793,
2008-01-28,1.47843,1.49463,1.46603,1.48003,
2008-02-04,1.48253,1.48463,1.44353,1.45053,
2008-02-11,1.45023,1.47063,1.44783,1.46813,
2008-02-18,1.46453,1.48593,1.46073,1.48263,
2008-02-25,1.48323,1.52373,1.47773,1.51773,
2008-03-03,1.51943,1.54593,1.51443,1.53523,
2008-03-10,1.53343,1.56883,1.52813,1.56703,
2008-03-17,1.57403,1.59023,1.53933,1.54293,
2008-03-24,1.54323,1.58573,1.53403,1.57943,
2008-03-31,1.57563,1.58933,1.55073,1.57363,
2008-04-07,1.57063,1.59133,1.56243,1.58043,
2008-04-14,1.58223,1.59823,1.56683,1.58133,
2008-04-21,1.59133,1.60163,1.55523,1.56273,
2008-04-28,1.56533,1.56923,1.53583,1.54223,
2008-05-05,1.55033,1.55913,1.52823,1.54793,
2008-05-12,1.55313,1.55993,1.53633,1.55743,
2008-05-19,1.55253,1.58113,1.54853,1.57583,
2008-05-26,1.57773,1.58163,1.54593,1.55533,
2008-06-02,1.55389,1.57772,1.53635,1.57768,
2008-06-09,1.57768,1.58126,1.53023,1.53801,
2008-06-16,1.54645,1.56506,1.53442,1.56023,
2008-06-23,1.55204,1.57909,1.5467,1.57903,
2008-06-30,1.57602,1.59083,1.5653,1.57057,
2008-07-07,1.57234,1.59461,1.56109,1.59346,
2008-07-14,1.58887,1.60381,1.57826,1.58461,
2008-07-21,1.59122,1.59433,1.56272,1.57056,
2008-07-28,1.57427,1.57671,1.55136,1.55598,
2008-08-04,1.55638,1.56296,1.49971,1.50089,
2008-08-11,1.49115,1.50825,1.4655,1.46867,
2008-08-18,1.46959,1.49077,1.46299,1.47886,
2008-08-25,1.47263,1.48102,1.45675,1.46703,
2008-09-01,1.45827,1.47022,1.4196,1.42629,
2008-09-08,1.41354,1.44271,1.38808,1.42149,
2008-09-15,1.4243,1.45409,1.40723,1.44648,
2008-09-22,1.48013,1.48655,1.44524,1.46107,
2008-09-29,1.4365,1.45687,1.37013,1.37679,
2008-10-06,1.35144,1.37841,1.32569,1.34182,
2008-10-13,1.36572,1.37679,1.33442,1.34085,
2008-10-20,1.33393,1.3529,1.24945,1.26192,
2008-10-27,1.24642,1.3295,1.2328,1.27324,
2008-11-03,1.26127,1.31149,1.25243,1.27166,
2008-11-10,1.27441,1.29262,1.23872,1.2602,
2008-11-17,1.264,1.28119,1.24224,1.25882,
2008-11-24,1.29125,1.30794,1.25645,1.26886,
2008-12-01,1.25952,1.28477,1.2548,1.27202,
2008-12-08,1.29123,1.3414,1.27265,1.3367,
2008-12-15,1.36935,1.47182,1.34281,1.39052,
2008-12-22,1.39545,1.41238,1.39014,1.40236,
2008-12-29,1.40329,1.43613,1.38386,1.39182,
2009-01-05,1.36357,1.39617,1.33112,1.34746,
2009-01-12,1.33565,1.34452,1.30241,1.32641,
2009-01-19,1.30904,1.33794,1.27644,1.29688,
2009-01-26,1.31835,1.33276,1.27614,1.28101,
2009-02-02,1.28122,1.30698,1.27054,1.29416,
2009-02-09,1.29592,1.30923,1.27209,1.286,
2009-02-16,1.27963,1.28815,1.25122,1.28238,
2009-02-23,1.26692,1.29905,1.26028,1.26658,
2009-03-02,1.25612,1.27517,1.24552,1.26497,
2009-03-09,1.26175,1.29566,1.25548,1.29267,
2009-03-16,1.29726,1.37366,1.2867,1.35795,
2009-03-23,1.36168,1.37352,1.32554,1.32846,
2009-03-30,1.3187,1.35164,1.31124,1.34816,
2009-04-06,1.33217,1.35812,1.30877,1.31858,
2009-04-13,1.33745,1.33916,1.30156,1.30421,
2009-04-20,1.29033,1.32997,1.28833,1.32398,
2009-04-27,1.30226,1.33854,1.29631,1.32675,
2009-05-04,1.34149,1.36487,1.32112,1.36333,
2009-05-11,1.35835,1.37214,1.34605,1.34933,
2009-05-18,1.35505,1.40495,1.34216,1.39946,
2009-05-25,1.40068,1.41668,1.37904,1.41578,
2009-06-01,1.41798,1.43366,1.39319,1.39687,
2009-06-08,1.39277,1.41766,1.38029,1.40154,
2009-06-15,1.37739,1.40121,1.37473,1.39328,
2009-06-22,1.38491,1.41371,1.38254,1.40574,
2009-06-29,1.40976,1.42001,1.39265,1.39798,
2009-07-06,1.39913,1.40705,1.38314,1.39342,
2009-07-13,1.40029,1.41646,1.38961,1.41004,
2009-07-20,1.42106,1.42896,1.41187,1.4204,
2009-07-27,1.42441,1.4303,1.40061,1.42567,
2009-08-03,1.44076,1.44459,1.41534,1.41814,
2009-08-10,1.41285,1.43256,1.40852,1.42014,
2009-08-17,1.41068,1.43747,1.4044,1.43247,
2009-08-24,1.42959,1.4406,1.42057,1.43012,
2009-08-31,1.43336,1.43774,1.41766,1.42971,
2009-09-07,1.43331,1.46332,1.43162,1.45689,
2009-09-14,1.46384,1.4766,1.4514,1.47091,
2009-09-21,1.46818,1.48424,1.46104,1.46888,
2009-09-28,1.46209,1.47107,1.4479,1.45761,
2009-10-05,1.46568,1.48163,1.45912,1.47252,
2009-10-12,1.47895,1.49664,1.46747,1.49032,
2009-10-19,1.49672,1.50589,1.48272,1.50059,
2009-10-26,1.48569,1.50619,1.4683,1.47217,
2009-11-02,1.47722,1.49164,1.46247,1.4844,
2009-11-09,1.5004,1.5048,1.48212,1.49027,
2009-11-16,1.49815,1.50139,1.48002,1.48589,
2009-11-23,1.49538,1.5143,1.48275,1.49855,
2009-11-30,1.50341,1.51397,1.48207,1.4854,
2009-12-07,1.48373,1.49031,1.45852,1.46155,
2009-12-14,1.46563,1.46843,1.42599,1.43303,
2009-12-21,1.42837,1.44168,1.42158,1.43643,
2009-12-28,1.43721,1.44568,1.42719,1.43222,
2010-01-04,1.44235,1.44823,1.42562,1.4408,
2010-01-11,1.45066,1.45785,1.43355,1.43855,
2010-01-18,1.4403,1.44131,1.40283,1.41366,
2010-01-25,1.41458,1.41932,1.3861,1.38613,
2010-02-01,1.39212,1.40242,1.35835,1.36763,
2010-02-08,1.36541,1.38379,1.35304,1.36297,
2010-02-15,1.35965,1.37873,1.3442,1.3611,
2010-02-22,1.36047,1.36916,1.34502,1.36304,
2010-03-01,1.35599,1.37345,1.34357,1.36204,
2010-03-08,1.36178,1.37953,1.35362,1.3767,
2010-03-15,1.36725,1.38167,1.35019,1.3528,
2010-03-22,1.35658,1.35681,1.32662,1.3408,
2010-03-29,1.34883,1.35901,1.33835,1.35028,
2010-04-05,1.34657,1.3537,1.32812,1.34969,
2010-04-12,1.3586,1.36904,1.34714,1.35012,
2010-04-19,1.34847,1.35216,1.32008,1.33831,
2010-04-26,1.33938,1.34148,1.31136,1.32925,
2010-05-03,1.31945,1.33113,1.25178,1.27503,
2010-05-10,1.27361,1.30928,1.2353,1.23561,
2010-05-17,1.23816,1.26707,1.21423,1.25696,
2010-05-24,1.23372,1.25376,1.21528,1.22718,
2010-05-31,1.22694,1.23524,1.19547,1.19639,
2010-06-07,1.19219,1.21513,1.1875,1.21102,
2010-06-14,1.22107,1.24163,1.2162,1.23857,
2010-06-21,1.23215,1.24658,1.22083,1.23674,
2010-06-28,1.22861,1.26104,1.21503,1.25646,
2010-07-05,1.25066,1.27212,1.24791,1.26382,
2010-07-12,1.26023,1.30058,1.25219,1.29282,
2010-07-19,1.29379,1.30273,1.27312,1.29069,
2010-07-26,1.29812,1.31049,1.2888,1.30495,
2010-08-02,1.3171,1.3333,1.30542,1.32769,
2010-08-09,1.32141,1.33067,1.27465,1.27524,
2010-08-16,1.28128,1.29207,1.26631,1.27099,
2010-08-23,1.26298,1.27781,1.25865,1.27599,
2010-08-30,1.26631,1.28954,1.26243,1.28939,
2010-09-06,1.28178,1.29183,1.26437,1.26782,
2010-09-13,1.28624,1.31581,1.27574,1.30475,
2010-09-20,1.30618,1.34934,1.3028,1.34878,
2010-09-27,1.34292,1.37899,1.33802,1.37891,
2010-10-04,1.36468,1.40277,1.36363,1.39391,
2010-10-11,1.38644,1.41581,1.37741,1.39746,
2010-10-18,1.39625,1.40491,1.36969,1.39521,
2010-10-25,1.39218,1.40791,1.37325,1.39452,
2010-11-01,1.3908,1.4281,1.38625,1.40307,
2010-11-08,1.38623,1.40847,1.35727,1.36887,
2010-11-15,1.35723,1.3749,1.34456,1.36709,
2010-11-22,1.35986,1.37851,1.31994,1.3239,
2010-11-29,1.30992,1.34376,1.29676,1.34116,
2010-12-06,1.32881,1.34201,1.31632,1.3225,
2010-12-13,1.3393,1.34977,1.31321,1.31868,
2010-12-20,1.31159,1.32005,1.30544,1.31155,
2010-12-27,1.31874,1.34234,1.30784,1.33723,
2011-01-03,1.33552,1.34332,1.29043,1.29052,
2011-01-10,1.29632,1.34559,1.28729,1.33875,
2011-01-17,1.32803,1.3625,1.32436,1.36192,
2011-01-24,1.36418,1.37572,1.35393,1.36092,
2011-01-31,1.37127,1.38604,1.35423,1.35798,
2011-02-07,1.35908,1.37434,1.34963,1.35559,
2011-02-14,1.34783,1.3714,1.34273,1.36913,
2011-02-21,1.36802,1.38371,1.35246,1.37523,
2011-02-28,1.38195,1.40062,1.37104,1.3985,
2011-03-07,1.39612,1.40352,1.37512,1.3901,
2011-03-14,1.39895,1.41829,1.38542,1.41801,
2011-03-21,1.42148,1.42472,1.40527,1.40855,
2011-03-28,1.40719,1.42445,1.40252,1.42353,
2011-04-04,1.42044,1.44865,1.41503,1.44817,
2011-04-11,1.44222,1.45191,1.43642,1.44285,
2011-04-18,1.42362,1.46476,1.41561,1.45593,
2011-04-25,1.45501,1.48808,1.44922,1.48058,
2011-05-02,1.47934,1.4939,1.43079,1.43138,
2011-05-09,1.43672,1.44406,1.40655,1.41162,
2011-05-16,1.41438,1.43443,1.40471,1.41587,
2011-05-23,1.40125,1.43228,1.39683,1.43173,
2011-05-30,1.43319,1.46415,1.42559,1.46342,
2011-06-06,1.45895,1.46953,1.43213,1.43446,
2011-06-13,1.4413,1.44962,1.40724,1.43108,
2011-06-20,1.43608,1.44408,1.41253,1.41855,
2011-06-27,1.43104,1.45507,1.4102,1.4524,
2011-07-04,1.4541,1.45666,1.42052,1.42624,
2011-07-11,1.40372,1.42815,1.3836,1.41546,
2011-07-18,1.41247,1.44367,1.4013,1.4356,
2011-07-25,1.43722,1.45349,1.42287,1.43972,
2011-08-01,1.42717,1.44528,1.40541,1.42788,
2011-08-08,1.4175,1.44005,1.41025,1.4243,
2011-08-15,1.44365,1.45163,1.4258,1.43932,
2011-08-22,1.43564,1.45007,1.43273,1.44982,
2011-08-29,1.4515,1.45481,1.4183,1.42026,
2011-09-05,1.4068,1.42803,1.36262,1.36532,
2011-09-12,1.36372,1.39348,1.35006,1.3791,
2011-09-19,1.36207,1.37924,1.33845,1.34943,
2011-09-26,1.34951,1.3689,1.3361,1.33844,
2011-10-03,1.31892,1.35235,1.3145,1.33739,
2011-10-10,1.36252,1.38929,1.33919,1.38769,
2011-10-17,1.37442,1.39132,1.36518,1.38901,
2011-10-24,1.39073,1.42463,1.37973,1.41495,
2011-10-31,1.38579,1.41702,1.36072,1.37902,
2011-11-07,1.37581,1.38579,1.34827,1.37479,
2011-11-14,1.36231,1.37879,1.34207,1.35229,
2011-11-21,1.34823,1.35678,1.32111,1.32366,
2011-11-28,1.33135,1.35464,1.32583,1.33887,
2011-12-05,1.33852,1.34854,1.32804,1.33844,
2011-12-12,1.31635,1.33763,1.2945,1.30428,
2011-12-19,1.30051,1.31965,1.29819,1.30408,
2011-12-26,1.30463,1.30823,1.28573,1.29542,
2012-01-02,1.2946,1.30762,1.26981,1.27185,
2012-01-09,1.26791,1.28783,1.26273,1.26775,
2012-01-16,1.26476,1.29859,1.26262,1.29373,
2012-01-23,1.28869,1.32283,1.2883,1.32281,
2012-01-30,1.32064,1.32182,1.30262,1.31423,
2012-02-06,1.31244,1.33217,1.30279,1.31737,
2012-02-13,1.32351,1.32843,1.29745,1.31484,
2012-02-20,1.32237,1.34864,1.31824,1.34578,
2012-02-27,1.34676,1.34857,1.31872,1.32039,
2012-03-05,1.31856,1.32912,1.30971,1.31129,
2012-03-12,1.31223,1.31914,1.30042,1.31695,
2012-03-19,1.31766,1.32929,1.31031,1.32661,
2012-03-26,1.32826,1.33858,1.31921,1.33455,
2012-04-02,1.33455,1.33802,1.30353,1.30959,
2012-04-09,1.30959,1.32129,1.30338,1.30822,
2012-04-16,1.30822,1.32247,1.29951,1.32162,
2012-04-23,1.32162,1.327,1.31048,1.32382,
2012-04-30,1.32382,1.32837,1.30806,1.30917,
2012-05-07,1.30917,1.30917,1.29051,1.29205,
2012-05-14,1.29205,1.29205,1.26424,1.27737,
2012-05-21,1.27737,1.28247,1.24966,1.25148,
2012-05-28,1.25148,1.26246,1.22882,1.24302,
2012-06-04,1.24302,1.26254,1.23865,1.25109,
2012-06-11,1.25109,1.26599,1.2443,1.26585,
2012-06-18,1.26585,1.27429,1.25196,1.25631,
2012-06-25,1.25631,1.2692,1.24078,1.26435,
2012-07-02,1.26435,1.26676,1.22603,1.22884,
2012-07-09,1.22884,1.23339,1.21625,1.22417,
2012-07-16,1.22417,1.23247,1.21444,1.21643,
2012-07-23,1.21643,1.23899,1.20423,1.23007,
2012-07-30,1.23007,1.2405,1.21341,1.238,
2012-08-06,1.238,1.24418,1.22417,1.22893,
2012-08-13,1.22893,1.23857,1.22562,1.23265,
2012-08-20,1.23265,1.25896,1.22954,1.25102,
2012-08-27,1.25102,1.26376,1.24655,1.25837,
2012-09-03,1.25837,1.28142,1.25019,1.28097,
2012-09-10,1.28097,1.31689,1.27549,1.31191,
2012-09-17,1.31191,1.31719,1.29197,1.29834,
2012-09-24,1.29834,1.29834,1.28298,1.28463,
2012-10-01,1.28463,1.30716,1.28053,1.30322,
2012-10-08,1.30155,1.30163,1.28257,1.29532,
2012-10-15,1.29342,1.31394,1.28908,1.30234,
2012-10-22,1.30214,1.30833,1.28829,1.29338,
2012-10-29,1.2922,1.30207,1.28217,1.28311,
2012-11-05,1.28231,1.28763,1.26901,1.27122,
2012-11-12,1.27204,1.28019,1.26617,1.27394,
2012-11-19,1.27588,1.29908,1.27367,1.29726,
2012-11-26,1.29728,1.30274,1.28803,1.30056,
2012-12-03,1.29957,1.31266,1.28769,1.2928,
2012-12-10,1.28898,1.3173,1.28864,1.31609,
2012-12-17,1.31698,1.33083,1.31444,1.31836,
2012-12-24,1.31752,1.32839,1.31662,1.32219,
2012-12-31,1.32143,1.32995,1.2998,1.30725,
2013-01-07,1.3076,1.33656,1.3017,1.33383,
2013-01-14,1.33636,1.34039,1.3257,1.33153,
2013-01-21,1.33111,1.34792,1.32647,1.34567,
2013-01-28,1.34661,1.3711,1.34146,1.3649,
2013-02-04,1.36513,1.36602,1.33535,1.33642,
2013-02-11,1.33689,1.35199,1.33066,1.33648,
2013-02-18,1.33479,1.34341,1.31453,1.31857,
2013-02-25,1.32174,1.33187,1.29667,1.30211,
2013-03-04,1.3013,1.31344,1.29554,1.29983,
2013-03-11,1.29892,1.31071,1.29116,1.3067,
2013-03-18,1.29064,1.30099,1.28439,1.29974,
2013-03-25,1.2948,1.30482,1.27512,1.2818,
2013-04-01,1.28059,1.30398,1.27455,1.30058,
2013-04-08,1.30058,1.31383,1.29685,1.31023,
2013-04-15,1.31023,1.32016,1.30014,1.30513,
2013-04-22,1.30513,1.30934,1.29582,1.30267,
2013-04-29,1.30267,1.32427,1.30267,1.31155,
2013-05-06,1.31155,1.31943,1.29359,1.29855,
2013-05-13,1.29855,1.30283,1.27975,1.28286,
2013-05-20,1.28286,1.29976,1.28195,1.29302,
2013-05-27,1.29302,1.30613,1.28385,1.29958,
2013-06-03,1.29941,1.33053,1.29556,1.32201,
2013-06-10,1.32201,1.33901,1.31776,1.33451,
2013-06-17,1.33451,1.34174,1.3099,1.31259,
2013-06-24,1.31259,1.31508,1.29852,1.30137,
2013-07-01,1.30137,1.30781,1.28064,1.28311,
2013-07-08,1.28311,1.32066,1.27553,1.30653,
2013-07-15,1.30653,1.31776,1.29935,1.31438,
2013-07-22,1.31438,1.3297,1.31366,1.32746,
2013-07-29,1.32746,1.33447,1.31895,1.32863,
2013-08-05,1.32863,1.34002,1.32331,1.33423,
2013-08-12,1.33423,1.33798,1.3206,1.33356,
2013-08-19,1.33356,1.3452,1.32984,1.33786,
2013-08-26,1.33786,1.33987,1.31735,1.32163,
2013-09-02,1.32163,1.32271,1.31048,1.31767,
2013-09-09,1.31767,1.33246,1.31632,1.33006,
2013-09-16,1.33006,1.35686,1.33006,1.35206,
2013-09-23,1.35206,1.35645,1.3462,1.35196,
2013-09-30,1.35196,1.36457,1.34778,1.35551,
2013-10-07,1.35646,1.36072,1.34859,1.35477,
2013-10-14,1.35622,1.37039,1.34733,1.36858,
2013-10-21,1.36842,1.38323,1.36513,1.38037,
2013-10-28,1.38071,1.38176,1.34801,1.34886,
2013-11-04,1.34865,1.35474,1.32951,1.33713,
2013-11-11,1.33579,1.35055,1.33449,1.34935,
2013-11-18,1.34965,1.35777,1.33995,1.35467,
2013-11-25,1.35494,1.36218,1.34903,1.35804,
2013-12-02,1.35886,1.37065,1.35248,1.37005,
2013-12-09,1.3714,1.38108,1.36944,1.37402,
2013-12-16,1.37295,1.38113,1.36254,1.36748,
2013-12-23,1.36733,1.3894,1.36551,1.37388,
2013-12-30,1.3757,1.38188,1.35826,1.35879,
2014-01-06,1.35934,1.36873,1.35481,1.3664,
2014-01-13,1.36785,1.36993,1.35173,1.35348,
2014-01-20,1.35375,1.37397,1.35076,1.36786,
2014-01-27,1.36782,1.37168,1.34792,1.34879,
2014-02-03,1.34843,1.36442,1.34774,1.36338,
2014-02-10,1.36165,1.37148,1.35625,1.37007,
2014-02-17,1.37093,1.37731,1.3686,1.37368,
2014-02-24,1.37349,1.38245,1.36434,1.38074,
2014-03-03,1.37596,1.39152,1.37075,1.38715,
2014-03-10,1.38756,1.3967,1.3834,1.39068,
2014-03-17,1.39089,1.39476,1.37495,1.37923,
2014-03-24,1.37978,1.38761,1.3705,1.37559,
2014-03-31,1.3763,1.38206,1.36729,1.37017,
2014-04-07,1.37017,1.3906,1.36965,1.3885,
2014-04-14,1.3885,1.3885,1.37904,1.38115,
2014-04-21,1.38115,1.38548,1.37853,1.38318,
2014-04-28,1.38318,1.38892,1.37723,1.38707,
2014-05-05,1.38707,1.39933,1.37456,1.37596,
2014-05-12,1.37596,1.37748,1.36485,1.36959,
2014-05-19,1.36959,1.37342,1.36158,1.36279,
2014-05-26,1.36279,1.36687,1.35866,1.36336,
2014-06-02,1.36336,1.36769,1.35032,1.36436,
2014-06-09,1.36436,1.36689,1.35124,1.35378,
2014-06-16,1.35378,1.36435,1.35132,1.35971,
2014-06-23,1.35971,1.36511,1.35742,1.36483,
2014-06-30,1.36483,1.37002,1.35855,1.35932,
2014-07-07,1.35932,1.36508,1.35761,1.36097,
2014-07-14,1.36097,1.36403,1.34912,1.35235,
2014-07-21,1.35235,1.35492,1.34219,1.34287,
2014-07-28,1.34287,1.34448,1.3367,1.34246,
2014-08-04,1.34246,1.34332,1.33333,1.34105,
2014-08-11,1.34105,1.34152,1.33361,1.33963,
2014-08-18,1.33963,1.33993,1.32208,1.32409,
2014-08-25,1.32409,1.32409,1.3134,1.31403,
2014-09-01,1.31403,1.31602,1.29202,1.29511,
2014-09-08,1.29511,1.29793,1.28596,1.29523,
2014-09-15,1.29523,1.29951,1.28311,1.28312,
2014-09-22,1.28312,1.29013,1.26769,1.2686,
2014-09-29,1.2686,1.2715,1.25007,1.25136,
2014-10-06,1.25126,1.27915,1.25092,1.26172,
2014-10-13,1.2631,1.28856,1.26207,1.27608,
2014-10-20,1.2751,1.28403,1.26138,1.26696,
2014-10-27,1.26776,1.27707,1.24856,1.25342,
2014-11-03,1.25076,1.25774,1.23581,1.24591,
2014-11-10,1.24732,1.25462,1.23946,1.25265,
2014-11-17,1.25323,1.26002,1.2375,1.23888,
2014-11-24,1.23635,1.25315,1.23622,1.24461,
2014-12-01,1.24461,1.25069,1.22712,1.22881,
2014-12-08,1.22881,1.24953,1.22474,1.24576,
2014-12-15,1.24576,1.25699,1.22202,1.22285,
2014-12-22,1.22285,1.22727,1.21649,1.21775,
2014-12-29,1.21775,1.22213,1.20018,1.20043,
2015-01-05,1.20043,1.20043,1.17544,1.1841,
2015-01-12,1.1841,1.1871,1.14936,1.15659,
2015-01-19,1.15659,1.16797,1.11149,1.12151,
2015-01-26,1.12151,1.14227,1.10978,1.12896,
2015-02-02,1.12896,1.1534,1.12896,1.1319,
2015-02-09,1.1319,1.14431,1.12703,1.1396,
2015-02-16,1.1396,1.145,1.12791,1.13771,
2015-02-23,1.13771,1.13963,1.11761,1.11924,
2015-03-02,1.11924,1.12406,1.08419,1.08467,
2015-03-09,1.08467,1.09066,1.04626,1.04862,
2015-03-16,1.04862,1.10399,1.047,1.08044,
2015-03-23,1.08044,1.10524,1.07676,1.08883,
2015-03-30,1.08883,1.1027,1.07132,1.09671,
2015-04-06,1.09671,1.10356,1.05681,1.05977,
2015-04-13,1.05977,1.08487,1.05205,1.08083,
2015-04-20,1.08083,1.09002,1.06598,1.08616,
2015-04-27,1.08616,1.12903,1.08196,1.12161,
2015-05-04,1.12161,1.13918,1.10663,1.12037,
2015-05-11,1.12037,1.14672,1.1131,1.1441,
2015-05-18,1.1441,1.145,1.10024,1.10138,
2015-05-25,1.10138,1.10138,1.08194,1.09847,
2015-06-01,1.09847,1.138,1.08874,1.11193,
2015-06-08,1.11193,1.13863,1.10843,1.12572,
2015-06-15,1.12572,1.14366,1.11895,1.13445,
2015-06-22,1.13445,1.14105,1.113,1.11699,
2015-06-29,1.11699,1.12779,1.09552,1.1096,
2015-07-06,1.1096,1.12162,1.09163,1.11509,
2015-07-13,1.11509,1.1197,1.08404,1.08405,
2015-07-20,1.08405,1.1018,1.08088,1.09805,
2015-07-27,1.09805,1.11294,1.08935,1.09834,
2015-08-03,1.09834,1.09961,1.0848,1.0956,
2015-08-10,1.0956,1.12142,1.09254,1.11136,
2015-08-17,1.11136,1.13723,1.10172,1.13646,
2015-08-24,1.13646,1.17137,1.11592,1.11916,
2015-08-31,1.11916,1.13321,1.10874,1.11474,
2015-09-07,1.11474,1.13497,1.11216,1.13347,
2015-09-14,1.13347,1.14602,1.12142,1.12989,
2015-09-21,1.12989,1.13302,1.11053,1.12071,
2015-09-28,1.12071,1.13185,1.11352,1.12147,
2015-10-05,1.12147,1.13871,1.11721,1.13612,
2015-10-12,1.13612,1.14952,1.13345,1.13502,
2015-10-19,1.13502,1.13872,1.09966,1.10086,
2015-10-26,1.10086,1.10957,1.08971,1.09934,
2015-11-02,1.09934,1.10528,1.07075,1.07413,
2015-11-09,1.07413,1.08304,1.06744,1.07516,
2015-11-16,1.07516,1.0763,1.06172,1.06426,
2015-11-23,1.06426,1.06893,1.05661,1.05938,
2015-11-30,1.05938,1.0981,1.05223,1.08739,
2015-12-07,1.08739,1.10427,1.07962,1.09801,
2015-12-14,1.09801,1.10598,1.08026,1.08678,
2015-12-21,1.08678,1.09843,1.08481,1.09644,
2015-12-28,1.09644,1.09926,1.0853,1.08582,
2016-01-04,1.08582,1.09463,1.07108,1.09246,
2016-01-11,1.09246,1.09847,1.08051,1.09143,
2016-01-18,1.09143,1.09761,1.07782,1.07962,
2016-01-25,1.07962,1.09678,1.07895,1.08305,
2016-02-01,1.08305,1.12472,1.08149,1.11586,
2016-02-08,1.11586,1.13763,1.10867,1.12555,
2016-02-15,1.12555,1.12555,1.1067,1.11295,
2016-02-22,1.11295,1.11295,1.09118,1.09312,
2016-02-29,1.09312,1.10435,1.08257,1.10046,
2016-03-07,1.10046,1.1218,1.08221,1.11522,
2016-03-14,1.11522,1.13424,1.1058,1.12701,
2016-03-21,1.12701,1.12848,1.11445,1.11663,
2016-03-28,1.11663,1.14378,1.11529,1.13916,
2016-04-04,1.13916,1.14541,1.13268,1.13991,
2016-04-11,1.13991,1.1465,1.12339,1.12829,
2016-04-18,1.12829,1.13982,1.12182,1.12222,
2016-04-25,1.12222,1.14594,1.12178,1.14503,
2016-05-02,1.14503,1.16163,1.13861,1.14049,
2016-05-09,1.14049,1.14466,1.12831,1.13084,
2016-05-16,1.13084,1.13488,1.11802,1.12238,
2016-05-23,1.12238,1.12431,1.11112,1.11134,
2016-05-30,1.11134,1.13738,1.10979,1.13669,
2016-06-06,1.13669,1.14156,1.12454,1.12502,
2016-06-13,1.12502,1.13029,1.1131,1.12762,
2016-06-20,1.12762,1.14278,1.0912,1.11111,
2016-06-27,1.11111,1.11694,1.09708,1.11361,
2016-07-04,1.11361,1.11867,1.10026,1.105,
2016-07-11,1.105,1.11649,1.10157,1.10352,
2016-07-18,1.10352,1.10847,1.09557,1.09766,
2016-07-25,1.09766,1.11974,1.09519,1.11751,
2016-08-01,1.11751,1.12338,1.10459,1.10876,
2016-08-08,1.10876,1.12215,1.10707,1.11626,
2016-08-15,1.11626,1.13665,1.11537,1.13259,
2016-08-22,1.13259,1.13552,1.11806,1.11969,
2016-08-29,1.11969,1.12521,1.11233,1.11545,
2016-09-05,1.11545,1.13271,1.11393,1.12333,
2016-09-12,1.12333,1.12844,1.11497,1.11572,
2016-09-19,1.11572,1.12573,1.11232,1.1225,
2016-09-26,1.1225,1.12792,1.11535,1.12416,
2016-10-03,1.12416,1.12443,1.11043,1.12004,
2016-10-10,1.12004,1.12033,1.09707,1.09716,
2016-10-17,1.09716,1.10395,1.08595,1.08837,
2016-10-24,1.08837,1.09917,1.08511,1.0985,
2016-10-31,1.0985,1.11417,1.0936,1.11408,
2016-11-07,1.11408,1.12995,1.08304,1.08556,
2016-11-14,1.08556,1.08556,1.05694,1.05886,
2016-11-21,1.05886,1.0658,1.05182,1.05871,
2016-11-28,1.05871,1.069,1.05528,1.06665,
2016-12-05,1.06665,1.08739,1.05062,1.05608,
2016-12-12,1.05608,1.06702,1.03666,1.04514,
2016-12-19,1.04514,1.04994,1.03524,1.04554,
2016-12-26,1.04554,1.06559,1.03722,1.05163,
2017-01-02,1.05163,1.06219,1.03403,1.05309,
2017-01-09,1.05309,1.06848,1.04539,1.06432,
2017-01-16,1.06432,1.07192,1.05796,1.0701,
2017-01-23,1.0701,1.07749,1.06578,1.06987,
2017-01-30,1.06987,1.0829,1.06204,1.07844,
2017-02-06,1.07844,1.07923,1.06078,1.06412,
2017-02-13,1.06412,1.06794,1.05214,1.06147,
2017-02-20,1.06147,1.0633,1.04937,1.05631,
2017-02-27,1.05631,1.06305,1.0495,1.06239,
2017-03-06,1.06239,1.06991,1.05252,1.06691,
2017-03-13,1.06691,1.07825,1.06003,1.07379,
2017-03-20,1.07379,1.08245,1.07193,1.08,
2017-03-27,1.08,1.0906,1.06518,1.06518,
2017-04-03,1.06518,1.06892,1.05807,1.0589,
2017-04-10,1.0589,1.06777,1.057,1.06158,
2017-04-17,1.06158,1.07775,1.06031,1.07274,
2017-04-24,1.07274,1.09509,1.07274,1.08946,
2017-05-01,1.08946,1.09997,1.0875,1.09979,
2017-05-08,1.09979,1.10224,1.08393,1.09333,
2017-05-15,1.09333,1.1212,1.09227,1.12066,
2017-05-22,1.12066,1.12682,1.11607,1.11836,
2017-05-29,1.11836,1.12851,1.11097,1.12816,
2017-06-05,1.12816,1.12842,1.11665,1.11962,
2017-06-12,1.11962,1.12959,1.11321,1.11972,
2017-06-19,1.11972,1.12128,1.11189,1.11936,
2017-06-26,1.11936,1.14454,1.11719,1.14268,
2017-07-03,1.14268,1.14399,1.13125,1.14047,
2017-07-10,1.14047,1.14896,1.13707,1.14718,
2017-07-17,1.14718,1.16829,1.14348,1.16615,
2017-07-24,1.16615,1.17768,1.16127,1.1752,
2017-07-31,1.1752,1.19106,1.17232,1.17723,
2017-08-07,1.17723,1.18466,1.16891,1.18217,
2017-08-14,1.18217,1.18384,1.16625,1.17597,
2017-08-21,1.17597,1.19415,1.17311,1.19242,
2017-08-28,1.19242,1.20702,1.18232,1.18605,
2017-09-04,1.18605,1.20924,1.18605,1.20359,
2017-09-11,1.20359,1.20359,1.18381,1.19438,
2017-09-18,1.19438,1.20336,1.18614,1.19503,
2017-09-25,1.19503,1.19503,1.17171,1.18145,
2017-10-02,1.18145,1.18152,1.16696,1.17287,
2017-10-09,1.17287,1.18798,1.17196,1.18218,
2017-10-16,1.18218,1.18581,1.17303,1.17836,
2017-10-23,1.17836,1.18368,1.15744,1.16089,
2017-10-30,1.16089,1.16904,1.1594,1.16078,
2017-11-06,1.16078,1.16779,1.15542,1.16646,
2017-11-13,1.16646,1.18604,1.16375,1.17899,
2017-11-20,1.17899,1.19442,1.17129,1.19321,
2017-11-27,1.19321,1.19612,1.18092,1.18957,
2017-12-04,1.18957,1.18957,1.17301,1.17727,
2017-12-11,1.17727,1.18625,1.17176,1.17496,
2017-12-18,1.17496,1.19018,1.17381,1.18624,
2017-12-25,1.18624,1.20255,1.18467,1.20038,
2018-01-01,1.20038,1.20888,1.20014,1.20293,
2018-01-08,1.20293,1.22183,1.19159,1.2201,
2018-01-15,1.2201,1.23232,1.21653,1.22214,
2018-01-22,1.22214,1.25376,1.22141,1.24327,
2018-01-29,1.24327,1.25223,1.23353,1.24562,
2018-02-05,1.24562,1.24749,1.22057,1.22515,
2018-02-12,1.22515,1.25554,1.22352,1.24063,
2018-02-19,1.24063,1.2435,1.226,1.22954,
2018-02-26,1.22954,1.23551,1.2155,1.23175,
2018-03-05,1.23175,1.24462,1.22691,1.23069,
2018-03-12,1.23069,1.24127,1.22603,1.22893,
2018-03-19,1.22893,1.23882,1.22397,1.23526,
2018-03-26,1.23526,1.24764,1.2284,1.23242,
2018-04-02,1.23242,1.23449,1.22156,1.22812,
2018-04-09,1.22812,1.23961,1.22605,1.23305,
2018-04-16,1.23305,1.24138,1.22499,1.2288,
2018-04-23,1.2288,1.22896,1.20556,1.21305,
2018-04-30,1.21305,1.21388,1.19115,1.19595,
2018-05-07,1.19595,1.19781,1.18229,1.19424,
2018-05-14,1.19424,1.19962,1.175,1.17707,
2018-05-21,1.17707,1.18298,1.1646,1.16469,
2018-05-28,1.16469,1.17284,1.15101,1.16602,
2018-06-04,1.16602,1.18399,1.16527,1.17694,
2018-06-11,1.17694,1.18517,1.15435,1.1606,
2018-06-18,1.1606,1.1675,1.15083,1.16544,
2018-06-25,1.16544,1.17205,1.15273,1.1685,
2018-07-02,1.1685,1.1768,1.15914,1.17473,
2018-07-09,1.17473,1.17906,1.1613,1.16851,
2018-07-16,1.16851,1.17447,1.1575,1.17248,
2018-07-23,1.17248,1.175,1.16206,1.16592,
2018-07-30,1.16592,1.17459,1.15604,1.15678,
2018-08-06,1.15678,1.16283,1.13882,1.1413,
2018-08-13,1.1413,1.14449,1.13012,1.14396,
2018-08-20,1.14396,1.16399,1.13945,1.16229,
2018-08-27,1.16229,1.17335,1.15846,1.16023,
2018-09-03,1.16023,1.16593,1.15302,1.15533,
2018-09-10,1.15533,1.17217,1.15259,1.16245,
2018-09-17,1.16245,1.18028,1.16181,1.17492,
2018-09-24,1.17492,1.18151,1.157,1.16041,
2018-10-01,1.16041,1.16238,1.14635,1.15169,
2018-10-08,1.15169,1.16105,1.14323,1.15599,
2018-10-15,1.15599,1.16211,1.14331,1.15244,
2018-10-22,1.15244,1.155,1.13358,1.14024,
2018-10-29,1.14024,1.14559,1.13022,1.13884,
2018-11-05,1.13884,1.15,1.13164,1.13359,
2018-11-12,1.13359,1.14205,1.1216,1.14192,
2018-11-19,1.14192,1.14724,1.13281,1.13359,
2018-11-26,1.13359,1.14018,1.12673,1.13169,
2018-12-03,1.13169,1.14235,1.13111,1.1383,
2018-12-10,1.1383,1.14428,1.127,1.13062,
2018-12-17,1.13062,1.14857,1.13006,1.13725,
2018-12-24,1.13725,1.14728,1.1343,1.14447,
2018-12-31,1.14447,1.14968,1.13096,1.13957,
2019-01-07,1.13957,1.15699,1.13957,1.14685,
2019-01-14,1.14685,1.14898,1.13533,1.13642,
2019-01-21,1.13642,1.14176,1.12894,1.14072,
2019-01-28,1.14072,1.15143,1.13902,1.14548,
2019-02-04,1.14548,1.14605,1.13193,1.13193,
2019-02-11,1.13193,1.13415,1.12342,1.1294,
2019-02-18,1.1294,1.13712,1.12756,1.13325,
2019-02-25,1.13325,1.14196,1.13285,1.1364,
2019-03-04,1.1364,1.13833,1.11763,1.12325,
2019-03-11,1.12325,1.13443,1.12219,1.13295,
2019-03-18,1.13295,1.1448,1.12734,1.13006,
2019-03-25,1.13006,1.13315,1.121,1.12178,
2019-04-01,1.12178,1.12547,1.11838,1.12146,
2019-04-08,1.12146,1.13239,1.12141,1.1299,
2019-04-15,1.1299,1.13238,1.12262,1.12454,
2019-04-22,1.12454,1.12622,1.11112,1.11524,
2019-04-29,1.11524,1.12649,1.11351,1.12019,
2019-05-06,1.12019,1.12538,1.11667,1.12354,
2019-05-13,1.12354,1.12635,1.11553,1.11576,
2019-05-20,1.11576,1.12122,1.11073,1.12035,
2019-05-27,1.12035,1.12153,1.11161,1.11686,
2019-06-03,1.11686,1.13477,1.11603,1.13356,
2019-06-10,1.13356,1.13435,1.12026,1.12087,
2019-06-17,1.12087,1.13778,1.11815,1.13672,
2019-06-24,1.13672,1.14121,1.13443,1.13727,
2019-07-01,1.13727,1.13727,1.12075,1.1226,
2019-07-08,1.1226,1.12859,1.11934,1.12702,
2019-07-15,1.12702,1.1284,1.11998,1.12206,
2019-07-22,1.12206,1.12252,1.11015,1.11291,
2019-07-29,1.11291,1.11622,1.1027,1.11086,
2019-08-05,1.11086,1.12496,1.11047,1.12003,
2019-08-12,1.12003,1.12307,1.10664,1.10903,
2019-08-19,1.10903,1.11532,1.10518,1.11442,
2019-08-26,1.11442,1.11643,1.09634,1.09901,
2019-09-02,1.09901,1.10848,1.09264,1.10284,
2019-09-09,1.10284,1.11094,1.0927,1.1074,
2019-09-16,1.1074,1.10865,1.09904,1.10182,
2019-09-23,1.10182,1.10256,1.09049,1.09406,
2019-09-30,1.09406,1.09995,1.08792,1.09784,
2019-10-07,1.09784,1.10629,1.0941,1.10382,
2019-10-14,1.10382,1.11729,1.09914,1.11729,
2019-10-21,1.11729,1.11794,1.10731,1.10801,
2019-10-28,1.10801,1.11757,1.10735,1.11656,
2019-11-04,1.11656,1.11754,1.10168,1.10202,
2019-11-11,1.10202,1.10569,1.09893,1.10515,
2019-11-18,1.10515,1.10969,1.10145,1.10166,
2019-11-25,1.10166,1.1032,1.09812,1.10208,
2019-12-02,1.10208,1.11161,1.10031,1.10606,
2019-12-09,1.10606,1.11997,1.10534,1.11229,
2019-12-16,1.11229,1.11746,1.10666,1.10763,
2019-12-23,1.10763,1.11884,1.10692,1.11755,
2019-12-30,1.11755,1.12394,1.1125,1.11572,
2020-01-06,1.11572,1.12056,1.10852,1.11172,
2020-01-13,1.11172,1.11728,1.10863,1.10863,
2020-01-20,1.10863,1.11181,1.10201,1.10257,
2020-01-27,1.10257,1.10918,1.09925,1.10913,
2020-02-03,1.10943,1.10951,1.09421,1.09463,
2020-02-10,1.09449,1.09576,1.08273,1.08378,
2020-02-17,1.08321,1.08636,1.0778,1.08486,
2020-02-24,1.0848,1.1053,1.08053,1.10274,
2020-03-02,1.10274,1.13548,1.10274,1.12881,
2020-03-09,1.12881,1.14971,1.10553,1.1099,
2020-03-16,1.1099,1.12366,1.06377,1.0697,
2020-03-23,1.0697,1.11475,1.06363,1.11423,
2020-03-30,1.11423,1.11442,1.07729,1.08135,
2020-04-06,1.08135,1.0953,1.07684,1.09359,
2020-04-13,1.09359,1.09911,1.08121,1.08753,
2020-04-20,1.08753,1.08968,1.07271,1.08225,
2020-04-27,1.08225,1.10182,1.08098,1.09827,
2020-05-04,1.09827,1.09827,1.07667,1.08426,
2020-05-11,1.08426,1.08967,1.0775,1.08176,
2020-05-18,1.08176,1.10084,1.08,1.09024,
2020-05-25,1.09024,1.11451,1.08707,1.11002,
2020-06-01,1.11002,1.13839,1.11002,1.1292,
2020-06-08,1.1292,1.14226,1.12127,1.12555,
2020-06-15,1.12555,1.13534,1.11681,1.11773,
2020-06-22,1.11773,1.13487,1.11687,1.12192,
2020-06-29,1.12192,1.13026,1.1185,1.12488,
2020-07-06,1.12488,1.13706,1.12434,1.12995,
2020-07-13,1.12995,1.14521,1.12995,1.14276,
2020-07-20,1.14276,1.16582,1.14026,1.1656,
2020-07-27,1.1656,1.19087,1.16424,1.17789,
2020-08-03,1.17616,1.19163,1.1696,1.17873,
2020-08-10,1.17873,1.18642,1.1711,1.18504,
2020-08-17,1.18504,1.19657,1.17543,1.17543,
2020-08-24,1.17967,1.19199,1.17626,1.1904,
2020-08-31,1.1904,1.20111,1.17811,1.18381,
2020-09-07,1.1838,1.19174,1.17529,1.18466,
2020-09-14,1.18466,1.19007,1.17374,1.18397,
2020-09-21,1.18397,1.1872,1.16122,1.16324,
2020-09-28,1.16324,1.17698,1.16151,1.17165,
2020-10-05,1.17165,1.18312,1.17063,1.18297,
2020-10-12,1.18297,1.18297,1.16886,1.17164,
2020-10-19,1.17165,1.18807,1.17032,1.18627,
2020-10-26,1.18627,1.18627,1.16402,1.16467,
2020-11-02,1.16469,1.1891,1.16031,1.1873,
2020-11-09,1.1873,1.19198,1.17456,1.18344,
2020-11-16,1.18344,1.18937,1.18142,1.18574,
2020-11-23,1.18574,1.19641,1.18003,1.1964,
2020-11-30,1.1964,1.21776,1.19235,1.21222,
2020-12-07,1.21215,1.21664,1.20591,1.2113,
2020-12-14,1.2113,1.22728,1.2113,1.22524,
2020-12-21,1.22524,1.22571,1.21299,1.21872,
2020-12-28,1.21872,1.23099,1.21812,1.22147,
2021-01-04,1.22147,1.23496,1.21931,1.22175,
2021-01-11,1.22182,1.2228,1.20747,1.2076,
2021-01-18,1.2076,1.21896,1.20536,1.21696,
2021-01-25,1.21696,1.21834,1.20587,1.2156,
2021-02-01,1.2156,1.2156,1.19524,1.20492,
2021-02-08,1.20492,1.21495,1.20198,1.21201,
2021-02-15,1.21201,1.21696,1.20232,1.21191,
2021-02-22,1.21191,1.2243,1.20624,1.20757,
2021-03-01,1.20757,1.21131,1.18934,1.1914,
2021-03-08,1.1914,1.199,1.18358,1.191,
2021-03-15,1.191,1.19889,1.1874,1.19038,
2021-03-22,1.19038,1.19469,1.17616,1.1794,
2021-03-29,1.1794,1.1794,1.17042,1.1761,
2021-04-05,1.1761,1.19275,1.17381,1.18672,
2021-04-12,1.18672,1.19947,1.18672,1.19947,
2021-04-19,1.19947,1.21,1.19426,1.20977,
2021-04-26,1.20977,1.215,1.20166,1.20192,
2021-05-03,1.20194,1.21716,1.1986,1.21635,
2021-05-10,1.21635,1.21817,1.20515,1.21452,
2021-05-17,1.21452,1.22453,1.21262,1.21797,
2021-05-24,1.21797,1.22666,1.21327,1.21918,
2021-05-31,1.21918,1.22544,1.21039,1.21671,
2021-06-07,1.21671,1.22181,1.20927,1.21083,
2021-06-14,1.21083,1.21474,1.18473,1.18473,
2021-06-21,1.18473,1.19753,1.18473,1.19347,
2021-06-28,1.19264,1.19446,1.18073,1.18743,
2021-07-05,1.18743,1.18951,1.17818,1.18755,
2021-07-12,1.18755,1.18802,1.17719,1.18065,
2021-07-19,1.18065,1.18305,1.1752,1.17727,
2021-07-26,1.17727,1.19087,1.17635,1.18679,
2021-08-02,1.18679,1.18998,1.17544,1.17619,
2021-08-09,1.17619,1.18048,1.1706,1.17952,
2021-08-16,1.17952,1.18012,1.16641,1.17008,
2021-08-23,1.17008,1.18025,1.16931,1.17956,
2021-08-30,1.17956,1.19091,1.17828,1.18658,
2021-09-06,1.18792,1.18865,1.18022,1.1812,
2021-09-13,1.1812,1.18459,1.17243,1.17253,
2021-09-20,1.17253,1.17556,1.16835,1.17198,
2021-09-27,1.17198,1.17274,1.15627,1.15931,
2021-10-04,1.15931,1.16401,1.15294,1.15743,
2021-10-11,1.15743,1.16243,1.15245,1.16015,
2021-10-18,1.16015,1.16694,1.15719,1.16427,
2021-10-25,1.16427,1.16921,1.15352,1.15613,
2021-11-01,1.15613,1.16165,1.15134,1.15674,
2021-11-08,1.15674,1.16087,1.14331,1.14622,
2021-11-15,1.14622,1.14641,1.12501,1.12819,
2021-11-22,1.12819,1.13316,1.11862,1.13185,
2021-11-29,1.13185,1.13829,1.12352,1.13125,
2021-12-06,1.13125,1.13548,1.12276,1.13164,
2021-12-13,1.13164,1.13605,1.12217,1.12373,
2021-12-20,1.12373,1.13436,1.12347,1.13193,
2021-12-27,1.13193,1.13864,1.12738,1.13757,
2022-01-03,1.13757,1.13787,1.12724,1.13606,
2022-01-10,1.13606,1.14829,1.12851,1.14157,
2022-01-17,1.14157,1.14344,1.13011,1.13599,
2022-01-24,1.13599,1.13599,1.11215,1.11481,
2022-01-31,1.11481,1.14838,1.11384,1.14497,
2022-02-07,1.14497,1.1495,1.133,1.133,
2022-02-14,1.133,1.13959,1.12802,1.13142,
2022-02-21,1.13142,1.13907,1.11064,1.12724,
2022-02-28,1.11283,1.12464,1.0886,1.0886,
2022-03-07,1.0886,1.11211,1.08061,1.09121,
2022-03-14,1.09121,1.11375,1.09006,1.10032,
2022-03-21,1.10506,1.10703,1.0961,1.0983,
2022-03-28,1.0983,1.1185,1.09449,1.10469,
2022-04-04,1.10469,1.10547,1.08365,1.08365,
2022-04-11,1.08365,1.09333,1.07575,1.08108,
2022-04-18,1.08108,1.09365,1.07613,1.07708,
2022-04-25,1.07708,1.08156,1.04713,1.05441,
2022-05-02,1.05931,1.06419,1.0483,1.05466,
2022-05-09,1.05466,1.05926,1.03499,1.04121,
2022-05-16,1.04121,1.06072,1.03892,1.05636,
2022-05-23,1.05636,1.0765,1.05594,1.06972,
2022-05-30,1.06972,1.0787,1.06274,1.07186,
2022-06-06,1.07186,1.0774,1.05059,1.05176,
2022-06-13,1.05176,1.06016,1.03593,1.04984,
2022-06-20,1.04984,1.06058,1.04691,1.05713,
2022-06-27,1.05713,1.0615,1.03658,1.04281,
2022-07-04,1.04281,1.04628,1.0072,1.01869,
2022-07-11,1.01869,1.01869,0.99524,1.00866,
2022-07-18,1.00866,1.02781,1.00788,1.02138,
2022-07-25,1.02138,1.0258,1.00968,1.01462,
2022-08-01,1.01462,1.02939,1.01227,1.01837,
2022-08-08,1.01837,1.03685,1.01594,1.026,
2022-08-15,1.026,1.02685,1.00321,1.00321,
2022-08-22,1.00321,1.00897,0.99006,0.99629,
2022-08-29,0.99629,1.00791,0.99111,0.99517,
2022-09-05,0.99517,1.01135,0.98641,1.00442,
2022-09-12,1.00442,1.0198,0.99451,1.00164,
2022-09-19,1.00164,1.00506,0.96681,0.96681,
2022-09-26,0.96681,0.9854,0.95361,0.97349,
2022-10-03,0.98026,0.99998,0.97263,0.9741,
2022-10-10,0.9741,0.98089,0.96318,0.97228,
2022-10-17,0.97228,0.98759,0.97051,0.98628,
2022-10-24,0.98693,1.00938,0.98071,0.99653,
2022-10-31,0.99653,0.9976,0.97301,0.99665,
2022-11-07,0.99665,1.03643,0.99054,1.03526,
2022-11-14,1.03526,1.04816,1.02715,1.03138,
2022-11-21,1.03244,1.04486,1.02227,1.03975,
2022-11-28,1.03975,1.05451,1.02903,1.05393,
2022-12-05,1.05393,1.05949,1.04433,1.05338,
2022-12-12,1.05338,1.0736,1.05061,1.05869,
2022-12-19,1.05869,1.06596,1.05733,1.0617,
2022-12-26,1.0617,1.07133,1.05991,1.07046,
2023-01-02,1.07046,1.07092,1.04829,1.06445,
2023-01-09,1.06445,1.08681,1.06386,1.07807,
2023-01-16,1.07807,1.08877,1.07661,1.08565,
2023-01-23,1.08565,1.09295,1.08352,1.0868,
2023-01-30,1.0868,1.10331,1.07928,1.07928,
2023-02-06,1.07946,1.0799,1.06664,1.06774,
2023-02-13,1.06774,1.08048,1.06129,1.06938,
2023-02-20,1.06938,1.07047,1.05361,1.05449,
2023-02-27,1.05449,1.06915,1.05331,1.06353,
2023-03-06,1.06353,1.07007,1.05244,1.07007,
2023-03-13,1.07007,1.076,1.05162,1.06678,
2023-03-20,1.06678,1.09298,1.06314,1.07132,
2023-03-27,1.07132,1.09263,1.07132,1.0842,
2023-04-03,1.0842,1.09734,1.07883,1.09077,
2023-04-10,1.09077,1.10758,1.08314,1.09943,
2023-04-17,1.09943,1.09998,1.09092,1.09938,
2023-04-24,1.09938,1.10955,1.09626,1.10451,
2023-05-01,1.10167,1.10915,1.09422,1.10181,
2023-05-08,1.10181,1.10538,1.0848,1.08498,
2023-05-15,1.08498,1.09047,1.076,1.08047,
2023-05-22,1.0829,1.08314,1.07019,1.07019,
2023-05-29,1.07266,1.0779,1.06351,1.07079,
2023-06-05,1.07079,1.0787,1.0667,1.07477,
2023-06-12,1.07477,1.09707,1.07331,1.09415,
2023-06-19,1.09415,1.10118,1.08446,1.08939,
2023-06-26,1.08939,1.09768,1.08354,1.09113,
2023-07-03,1.09113,1.09733,1.08338,1.09733,
2023-07-10,1.09682,1.1245,1.09436,1.12284,
2023-07-17,1.12284,1.12758,1.1108,1.1108,
2023-07-24,1.1108,1.11498,1.09437,1.10169,
2023-07-31,1.10169,1.10459,1.09124,1.10081,
2023-08-07,1.1042,1.1065,1.09291,1.09475,
2023-08-14,1.09475,1.09603,1.0845,1.0845,
2023-08-21,1.0845,1.09304,1.0766,1.07956,
2023-08-28,1.07956,1.09456,1.07722,1.07756,
2023-09-04,1.07756,1.08089,1.06864,1.06998,
2023-09-11,1.06998,1.07691,1.06319,1.06607,
2023-09-18,1.06607,1.0737,1.0615,1.06458,
2023-09-25,1.06458,1.06558,1.0488,1.0571,
2023-10-02,1.0571,1.06001,1.04484,1.05871,
2023-10-09,1.05871,1.06399,1.04955,1.05087,
2023-10-16,1.05087,1.06166,1.05087,1.06038,
2023-10-23,1.05948,1.06943,1.05219,1.05652,
2023-10-30,1.05652,1.07468,1.05169,1.07467,
2023-11-06,1.07467,1.07564,1.06562,1.06867,
2023-11-13,1.06867,1.09164,1.06651,1.09163,
2023-11-20,1.09164,1.09653,1.08524,1.09489,
2023-11-27,1.09489,1.10173,1.08289,1.08289,
2023-12-04,1.08826,1.0895,1.07237,1.07636,
2023-12-11,1.07636,1.10093,1.07416,1.08947,
2023-12-18,1.08947,1.10404,1.08921,1.10129,
2023-12-25,1.10129,1.11395,1.10086,1.10379,
2024-01-01,1.10379,1.10461,1.08772,1.09421,
2024-01-08,1.09421,1.10001,1.09103,1.09503,
2024-01-15,1.09503,1.09677,1.08445,1.08972,
2024-01-22,1.08972,1.09325,1.0813,1.08861,
2024-01-29,1.08861,1.08977,1.078,1.07875,
2024-02-05,1.07875,1.0795,1.07226,1.07838,
2024-02-12,1.07838,1.08058,1.0695,1.07772,
2024-02-19,1.07772,1.08881,1.076175,1.082125,
2024-02-26,1.082125,1.086595,1.07959,1.08384,
2024-03-04,1.08384,1.098135,1.08378,1.09391,
2024-03-11,1.09391,1.09639,1.087305,1.0889,
2024-03-18,1.0889,1.09426,1.08018,1.08018,
2024-03-25,1.08018,1.086435,1.07682,1.07922,
2024-04-01,1.07922,1.087665,1.072465,1.08373,
2024-04-08,1.07915,1.08852,1.062265,1.06413,
2024-04-15,1.06413,1.06901,1.060125,1.067775,
2024-04-22,1.067775,1.07529,1.062395,1.069265,
2024-04-29,1.069265,1.081295,1.06495,1.07621,
2024-05-06,1.07621,1.07909,1.072395,1.07603,
2024-05-13,1.07603,1.08951,1.07603,1.08682,
2024-05-20,1.08682,1.08846,1.08048,1.08469,
2024-05-27,1.08469,1.08891,1.078835,1.08485,
2024-06-03,1.08485,1.09161,1.07997,1.0801,
2024-06-10,1.0801,1.08524,1.066765,1.070335,
2024-06-17,1.070335,1.076155,1.067105,1.067105,
2024-06-24,1.06923,1.07465,1.066605,1.07248,
2024-07-01,1.071385,1.08427,1.071,1.08398,
2024-07-08,1.08398,1.09115,1.080325,1.09069,
2024-07-15,1.09069,1.094825,1.087155,1.088465,
2024-07-22,1.088465,1.09028,1.08257,1.085625,
2024-07-29,1.085625,1.092665,1.077755,1.09097,
2024-08-05,1.09097,1.100885,1.088135,1.09162,
2024-08-12,1.09162,1.104735,1.091025,1.10285,
2024-08-19,1.10285,1.1201,1.10228,1.11917,
2024-08-26,1.1201,1.12017,1.104395,1.104715,
2024-09-02,1.104715,1.11555,1.10264,1.10853,
2024-09-09,1.10853,1.11019,1.1002,1.107425,
2024-09-16,1.107425,1.11893,1.10684,1.11627,
2024-09-23,1.11627,1.1214,1.108315,1.1163,
2024-09-30,1.120295,1.1209,1.09513,1.0976,
2024-10-07,1.0976,1.099725,1.090015,1.09362,
2024-10-14,1.09362,1.09368,1.081105,1.086655,
2024-10-21,1.08696,1.08719,1.076125,1.07953,
2024-10-28,1.07953,1.090585,1.076895,1.083385,
2024-11-04,1.083385,1.09371,1.068255,1.071865,
2024-11-11,1.071865,1.0728,1.04962,1.05408,
2024-11-18,1.05408,1.06099,1.033305,1.04197,
2024-11-25,1.033315,1.059725,1.033315,1.057745,
2024-12-02,1.057745,1.062975,1.04606,1.05678,
2024-12-09,1.05678,1.05945,1.045335,1.05029,
2024-12-16,1.05029,1.05345,1.03431,1.04294,
2024-12-23,1.04294,1.04463,1.038365,1.0426,
2024-12-30,1.0426,1.045845,1.022405,1.03092,
2025-01-06,1.03092,1.04366,1.021334,1.024505,
2025-01-13,1.024505,1.035455,1.017749,1.027124,
2025-01-20,1.027124,1.05216,1.02664,1.04938,
2025-01-27,1.04938,1.053335,1.035015,1.036119,
2025-02-03,1.036119,1.044275,1.021085,1.03273,
2025-02-10,1.03273,1.051415,1.028585,1.04921,
2025-02-17,1.04921,1.05066,1.04009,1.04609,
2025-02-24,1.04609,1.05288,1.036,1.03766,
2025-03-03,1.03766,1.08887,1.03766,1.08332,
2025-03-10,1.08332,1.09473,1.080515,1.087815,
2025-03-17,1.087815,1.095475,1.07969,1.08152,
2025-03-24,1.08152,1.085825,1.073315,1.08274,
2025-03-31,1.08274,1.11466,1.077834,1.095929,
2025-04-07,1.095929,1.14738,1.088145,1.13587,
2025-04-14,1.13587,1.14247,1.12642,1.13941,
2025-04-21,1.13941,1.15732,1.130805,1.13646,
2025-04-28,1.13646,1.142515,1.126595,1.12983,
2025-05-05,1.12983,1.138125,1.11968,1.12481,
2025-05-12,1.12481,1.12659,1.106555,1.11635,
2025-05-19,1.11635,1.13757,1.11635,1.13642,
2025-05-26,1.13642,1.141885,1.121045,1.1348,
2025-06-02,1.1348,1.149495,1.134685,1.139549,
2025-06-09,1.139549,1.163165,1.1373,1.15501,
2025-06-16,1.15501,1.161475,1.144625,1.152194,
2025-06-23,1.152194,1.17537,1.145375,1.17209,
2025-06-30,1.17209,1.18299,1.17079,1.17752,
2025-07-07,1.17752,1.179035,1.166265,1.169,
2025-07-14,1.169,1.17216,1.155705,1.162275,
2025-07-21,1.162275,1.178885,1.161455,1.17408,
2025-07-28,1.17408,1.17704,1.139165,1.15859,
2025-08-04,1.15859,1.169885,1.15276,1.1642,
2025-08-11,1.1642,1.17304,1.159015,1.170365,
2025-08-18,1.170365,1.174275,1.158305,1.17187,
2025-08-25,1.17187,1.17284,1.1574,1.16874,
2025-09-01,1.16874,1.175965,1.160825,1.17174,
2025-09-08,1.17174,1.17801,1.16608,1.173449,
2025-09-15,1.17345,1.19188,1.17163,1.17472,
2025-09-22,1.17472,1.182005,1.16455,1.17025,
2025-09-29,1.17025,1.177875,1.16832,1.1742,
2025-10-06,1.1742,1.1742,1.15421,1.16245,
2025-10-13,1.16245,1.172855,1.15423,1.16535,
2025-10-20,1.16535,1.16756,1.157705,1.16282,
2025-10-27,1.16282,1.166875,1.15215,1.15374,
2025-11-03,1.15374,1.159115,1.146865,1.15664,
2025-11-10,1.15664,1.1656,1.154115,1.16217,
2025-11-17,1.16217,1.16247,1.149109,1.151514,
2025-11-24,1.151514,1.161349,1.15019,1.159954,
2025-12-01,1.159954,1.16821,1.15895,1.16409,
2025-12-08,1.16409,1.17628,1.161515,1.17405,
2025-12-15,1.17405,1.18043,1.170255,1.171074,
2025-12-22,1.171075,1.180805,1.17062,1.17721,
2025-12-29,1.17721,1.17892,1.17132,1.17208,
2026-01-05,1.17208,1.1743,1.16181,1.163385,
2026-01-12,1.163385,1.16985,1.158434,1.159789,
2026-01-19,1.159789,1.18337,1.157815,1.18302,
2026-01-26,1.18302,1.208265,1.18302,1.184969,
2026-02-02,1.184969,1.187479,1.17657,1.18156,
2026-02-09,1.18156,1.19287,1.180975,1.18687,
2026-02-16,1.18687,1.18776,1.174205,1.178205,
2026-02-23,1.178205,1.183475,1.176605,1.1818,
2026-03-02,1.1818,1.1818,1.15303,1.16183,
2026-03-09,1.16183,1.16674,1.141095,1.14167,
2026-03-16,1.14167,1.16162,1.14143,1.15722,
2026-03-23,1.15722,1.163985,1.14845,1.15076,
2026-03-30,1.15076,1.162715,1.144315,1.151549,
2026-04-06,1.151549,1.17397,1.150515,1.17245,
2026-04-13,1.17245,1.184925,1.16641,1.17646,
2026-04-20,1.17646,1.17911,1.166915,1.1722,
2026-04-27,1.1722,1.17852,1.165505,1.17207,
2026-05-04,1.17207,1.17967,1.167665,1.17857,
2026-05-11,1.17857,1.178795,1.161695,1.1625,
2026-05-18,1.1625,1.166175,1.157635,1.160329,
2026-05-25,1.160329,1.168585,1.158625,1.16593,
2026-06-01,1.16593,1.166494,1.151805,1.15218,
2026-06-08,1.15218,1.15899,1.14998,1.15677,
2026-06-15,1.15677,1.16221,1.141785,1.1474,
2026-06-22,1.1474,1.1474,1.132455,1.13838,
2026-06-29,1.13838,1.147285,1.13618,1.14367,
2026-07-06,1.14367,1.1461,1.139125,1.1414,
2026-07-13,1.1414,1.14827,1.137754,1.143895,
2026-07-20,1.143895,1.144965,1.139655,1.1412,